.CN Chinese,5,Chinese
@ Thai,5.5,Thai
@ Thai Restaurant,4.5,Thai
@ Thai Restaurant,4.5,Thai
@Indian.com,6,Curry
007 Takeaway,6,Pizza
042 Restaurant & Bar,3,African
042 Restaurant & Bar,3,African
042 Restaurant & Bar,3,African
1 2 3 Chinese,4.5,Chinese
1 2 3 Chinese,4.5,Chinese
100 Degrees Chinese Restaurant,5,Chinese
100 Menu,5,Chinese
104 Turkish BBQ,5,Turkish
109 Ristorante,5,Pizza
113 Fish Bar,5.5,Chinese
133 Takeaway,Not yet rated,Breakfast
1498 The Spice Affair,5.5,Curry
168 Chinese & Cantonese Takeaway,5.5,Chinese
1A Wok,5,Chinese
1pizza1,4,Pizza
1st Choice Pizza,4,Pizza
1st Class Pizza,4.5,Pizza
1st Class Pizza,4.5,Pizza
1st Class Pizza,4.5,Pizza
1st Class Pizza & Kebab House,4,Pizza
2 4 1 Pizza,5.5,Pizza
2 for 1 Pizza Place,5.5,Pizza
2 Spice,5.5,Curry
2 Treat U,5.5,Pizza
23rd Street Pizza,5,American
23rd Street Pizza,5,American
241 Pizza,5,Pizza
241 Pizza,5.5,Pizza
2-4-1 Pizza,4.5,Pizza
2-4-1 Pizza,5,Pizza
2-4-1 Pizza,5,Pizza
280 Degrees African & Nigerian Restaurant,2.5,African
280 Degrees African & Nigerian Restaurant,2.5,African
3 Chef Fish Bar,4.5,Fish & Chips
3 Chefs,4.5,American
3 In 1 Dunoon,5,Curry
3 in 1 Indian & Chipshop Barrhead,4.5,English
3 In 1 Xtra,4,Curry
3 In 1 Xtra,4,Curry
3 In 1 Xtra,4,Curry
"321 Pizzas, Kebabs & Burgers",5.5,Pizza
328 Chinese Online,5,Chinese
333 Chinese Takeaway,5,Chinese
333 Chinese Takeaway,5,Chinese
333 Chinese Takeaway1,4.5,Chinese
350 Wok,5.5,Chinese
350 Wok,5.5,Chinese
350 Wok,5.5,Chinese
4 in 1 Express,5,Pizza
4 in Love,5.5,Chinese
4500 Miles From Delhi,4,Curry
4 Seasons Pizza & Grill,5,Pizza
4550 Miles From Delhi - Collection Only,Not yet rated,Curry
5 In 1 Takeaway,5,Curry
5 'N' 1,4.5,Curry
5 Star Chinese,5,Chinese
5 Star Chinese,5,Chinese
5 Star Falafel @ GH Butchers,Not yet rated,Lebanese
5 Star Falafel @ GH Butchers,Not yet rated,Lebanese
5 Star Fish Bar,5,American
5 Star Pizza,2.5,Pizza
5 Star Pizza,2.5,Pizza
5 Star Pizza,2.5,Pizza
5 Star Pizza,2.5,Pizza
5 Star Pizza,5,Pizza
5 Star Pizza,5,Pizza
5 Star Pizza,5,Pizza
555 Hot Curry,4,Curry
555 Pizza,4.5,Pizza
555 Pizza & Kebab,4.5,Pizza
57 Orient Takeaway,4.5,Chinese
62 Worksop Fish Bar,5,Fish & Chips
64 Pizzeria,5.5,Pizza
7 & One,5.5,Chinese
7 Oaks Grill,4.5,English
7 Spices,5,Curry
7 Spices,5,Curry
7 Spices Takeaway,4.5,Curry
7 STAR Pizza,5.5,Pizza
7 STAR Pizza,5.5,Pizza
7 STAR Pizza,5.5,Pizza
7 Star Spices,5.5,Pizza
700 Degrees,4.5,Chicken
88 Chinese,5,Chinese
88 Noodle Bar,4,Chinese
888 Chinese Takeaway,5,Chinese
888 Triple Eight,5,Chinese
9 Inch CFC,5,Pizza
9th Avenue Pizzeria,5.5,Pizza
9th Kitchen,5,Chinese
A & G Kitchen,5,Chinese
A & T Mundi House,4.5,Arabic
A Cake A Shake,4.5,Desserts
A Cake A Shake,4.5,Desserts
A Fish Called Rhondda,5.5,English
A La Pizza,4.5,Pizza
A La Pizza,4.5,Pizza
A La Turka,5.5,Pizza
A M Mians,5.5,Kebab
A M Mians,5.5,Kebab
A Matter Of Taste,5,Pizza
A One Tandoori,5,Curry
A Passage To India,5,Curry
A Passage To India,5.5,Curry
A Sealand Fish Bar - Collection Only,5,Fish & Chips
A Star Chippy,5.5,Fish & Chips
A Taskinha,5.5,Portuguese
A Taste Of Persia - Collection Only,5.5,Persian
A Taste Of Persia - Collection Only,5.5,Persian
A To Buy Fish & Chips,4.5,Fish & Chips
A Touch of Spice,5,Curry
A Touch of Spice,5,Curry
A World Of Fl@vours,4.5,Curry
A Yummy Pizza,5.5,Pizza
A&A Peri Peri,4.5,Peri Peri
A&S Fast Food,3.5,Curry
A.J's Pizza,5.5,Pizza
èkó Food Market,4,African
èkó Food Market,4,African
£1 Fish Shop,3.5,Fish & Chips
A1 Balti House,5.5,Curry
A1 Balti House,5.5,Curry
A1 Pizzas,5,Pizza
A1 Rice 'N' Spice,5,Curry
A1 Wok,4.5,Chinese
A12 Spice,5.5,Curry
A12 Spice,5.5,Curry
A12 Spice,5.5,Curry
A4 Pizza & Kebab,5.5,Pizza
AA Charcoal Grill,4,Kebab
AA Charcoal Grill,4,Kebab
Aachi Chettinad,4,Curry
Aachi Chettinad,4,Curry
Aadams Authentic Grill,4.5,Kebab
Aakash Balti,5,Curry
Aakash Balti,5.5,Curry
Aakash Balti,5.5,Curry
Aakash Restaurant,5,Curry
Aakash Restaurant,5,Curry
Aamaya,4,Curry
Aamino's Pizza,4.5,Pizza
Aanias Takeaway,5,Curry
AAQA Fast Food,5,Pizza
Aaris Indian Restaurant,5,Curry
Aarthi,6,Curry
Aashiana,5,Curry
A6 Grill,5.5,Kebab
Aashiana,5,Curry
Aashir's,4.5,Chicken
Aashir's,4.5,Chicken
Aayan's,5,Curry
AB Pizza and Grill,5.5,Turkish
Ababil,4.5,Curry
Ababil,4.5,Curry
Abaseen,5.5,Kebab
Abaseen,5.5,Kebab
Abbey Fish Bar,5.5,Fish & Chips
Abbey Fish Bar,5.5,Fish & Chips
Abbey Fryers Fish Bar & Balti House,4.5,Curry
Abbey Meads Indian Restaurant & Takeaway,5,Curry
Abbey Spice,5,Curry
Abbey Tandoori,5,Curry
Abbeyfry Fish and Chips,4,Fish & Chips
Abbeyfry Pizzeria & Kebab House,4.5,Pizza
Abbey's Balti Village,4.5,Curry
Abbey's Fish & Chips & Pizza Place,3.5,Fish & Chips
Abbeys Junction Pizzeria,5.5,Pizza
Abbey's Pizza,5,American
Abbeywood Tandoori,5,Curry
Abbies Pizza,5,Turkish
Abby's Diner,4,Fish & Chips
Abdul Hadi,5,Curry
Abdul Hadi,5,Curry
Abdul Spice,5,Curry
Abduls,5,Curry
Abduls,5,Curry
Abdul's,5,Curry
Abdul's,5.5,Curry
Abdul's Balti House,5,Curry
Abdul's Balti House,5,Curry
Abdul's Curry House,5,Curry
Abdul's Indian,5.5,Curry
Abdul's Indian Cuisine,5.5,Curry
Abduls Kebab House,5.5,Pizza
Abduls Rusholme,4,Kebab
Aberavon Packed Meals,5,Chinese
Aberbargoed Indian Takeaway,5.5,Curry
Aberdare Charcoal Grill,5,Pizza
Aberdeen Shanghai Takeaway,5,Chinese
Aberkenfig Kebab & Pizza House,5,Kebab
Abe's Pizza,5,Pizza
Abi Restaurant,Not yet rated,Curry
Abi Ruchi,5,South Curry
Abi Ruchi,5,South Curry
Abida,4.5,Curry
Abidap Connection,5,African
Abidap Connection,5,African
Abidap Connection,5,African
Abid's Tandoori Takeaway,5,Curry
Abington Tandoori,5.5,Curry
Abi's Kebab,5,Kebab
Abo Ali - Lebanese Cuisine,5,Lebanese
Abo Ali - Lebanese Cuisine,5,Lebanese
Abra Pizzas,5.5,Pizza
Abra-Kebab-Ra,4,Kebab
ABS Fast Food,5.5,Pizza
Abs Fried Chicken & Pizza,3.5,Chicken
Abshar Indian Cuisine,6,Punjabi
Abshar Persian Cuisine,5,Persian
Abshar Persian Cuisine,5,Persian
Absolute Caribbean,5,Caribbean
Absolute Caribbean,5,Caribbean
Aby's Indian Experience,5.5,Curry
Abyssinia Ethiopian Restaurant,5,Ethiopian
Abyssinia Ethiopian Restaurant,5,Ethiopian
Abyssinia Ethiopian Restaurant,5,Ethiopian
Abz BBQ Kitchen,5,American
Ace Of Spice,4.5,Curry
Ace Peri Peri,5,Peri Peri
Ace Peri Peri,5,Peri Peri
Ace Pizza,5,Pizza
ACE Pizza & Kebab,5,Pizza
Ace Plaice Traditional Fish & Chips,4,Fish & Chips
Ace Plaice Traditional Fish & Chips,4,Fish & Chips
Acha Halal Chinese Cuisine,5,Chinese
Ackee Tree,4.5,Caribbean
Ackie's,5,Chinese
Acomb Kebab House,5.5,Kebab
Acropolis,5,Greek
Active Cafe Lounge,2.5,Caribbean
Acton Charcoal Grill,5,Turkish
Ada Restaurant,5,Turkish
Ada Restaurant,5,Turkish
Adaab Balti,5.5,Curry
Adams,4,Curry
Adams,4,Curry
Adams,5.5,Pizza
Adams,5.5,Pizza
Adams & Lily's,5.5,Pizza
Adams Alsabti Pizzeria & Grill House,5.5,Pizza
Adams Balti,5,Curry
Adams Balti,5,Curry
Adams Balti,5,Curry
Adam's Balti & Pizza,4,Curry
Adam's Cafe - Collection Only,5,Pizza
Adam's Grill,5.5,Lebanese
Adam's Grill,5.5,Lebanese
Adams Chippy & Curry House,5,Curry
Adams Diner,4.5,American
Adam's Diner,Not yet rated,Pizza
Adam's Fast Food,5.5,Pizza
Adam's Fish & Chips,4.5,Fish & Chips
Adams Fish & Pizza Bar,4.5,Fish & Chips
Adams Fish N Pizza Bar,5.5,Fish & Chips
Adam's Hot & Spicy,3.5,Pizza
Adam's Hot & Spicy,3.5,Pizza
Adams Ice Cream Parlour,4,Desserts
Adams Ice Cream Parlour,4.5,Desserts
Adams Pizza,5.5,Pizza
Adam's Pizza & Kebab,5,Pizza
Adams Pizza & Kebabs,5.5,Pizza
Adams Pizza & Kebabs,5.5,Pizza
Adams Pizza Corner,5,Pizza
Adam's Pizzeria,5,Pizza
Adams Pizzeria,5,Pizza
Adams Place,4.5,American
Adam's Spice,5,Curry
Adams Steak & Curry House,5.5,Curry
Adana Pizza,5,Pizza
Adar Restaurant,5,Moroccan
Adar Restaurant,5,Moroccan
Add Spice,5.5,Curry
Addlestone Charcoal Grill,5.5,Kebab
Adeel Balti & Pizza Bar,5,Curry
Adeel Tandoori,5,Curry
Adeels Fast Food,5,Curry
Adeel Balti & Pizza Bar,5,Curry
Adeels Spice,5,Pizza
Adelaide Fish Bar - Collection Only,Not yet rated,Fish & Chips
Adel's Pizza,5,Pizza
Adil Takeaway,5,Curry
Adil's Takeaway,5,Curry
Adiva,5,Turkish
Adiva,5,Turkish
Adiva,5,Turkish
Adlington Mama Mia,5.5,Kebab
Adlington Mama Mia,5.5,Kebab
Adlington Spice,5.5,Curry
Adlington Spice,5.5,Curry
Adlington Spice,5.5,Curry
Admiral Pizza,5,Pizza
Admiral Pizza,5,Pizza
Admiral Pizza,5,Pizza
Admiral Pizza,5,Pizza
Admirals Fish & Chips & Kebabs,5,Kebab
Adnan Southern Fried Chicken Shop,3.5,Pizza
Adnans Indian Restaurant & Takeaway,5.5,Curry
Adnans Indian Restaurant & Takeaway,5.5,Curry
Adolfo's,5,English
Adonis Pizza & Grill,5,Kebab
Ado's,5.5,Peri Peri
Adras Restaurant,4.5,Russian
Adras Restaurant,4.5,Russian
Adriatic Italian,5.5,Pizza
AF88,4.5,Chinese
Afandina Restaurant,4.5,Lebanese
AFC,4.5,Pizza
AFC,4.5,Kebab
AFC,4.5,Chicken
AFC American Fried Chicken,3.5,Chicken
AFC American Fried Chicken,3.5,Chicken
AFC Fried Chicken & Pizza,5,Chicken
AFC Fried Chicken & Pizza,5,Chicken
AFC Pizza,Not yet rated,Pizza
AFC-American Fried Chicken,5,Chicken
Afendi Club & Restaurant,4.5,Pizza
Afendi Club & Restaurant,4.5,Pizza
Afendi Club & Restaurant,4.5,Pizza
Afendi Restaurant & Cafe,5,Lebanese
Afghan Kebab Takeaway,4.5,Kebab
Afghan Pamir,5,Afghan
Afghan Pamir,5,Afghan
Afghan Restaurant,5,Afghan
Afghan Restaurant,5,Afghan
Afghan Spice,5.5,Afghan
Africa 9JA Restaurant,4.5,African
Africa 9JA Restaurant,4.5,African
Africa Best Place,2.5,African
Africa Best Place,2.5,African
African Flavour,4,African
Afritopia - African Restaurant with Style,4,African
Afsana,5.5,Curry
After Taste,5,Chinese
After Taste,5,Chinese
After Taste,5,Chinese
Afters Original,5.5,Cakes
Agoon Pani Restaurant & Takeaway,5,Curry
Agra,5,Curry
Agra,5,Curry
Agra,5.5,Curry
Agra,5.5,Curry
Agra,5.5,Curry
Agra,6,Curry
Agra Indian Restaurant & Takeaway,5,Curry
Agra Spice World,5,Curry
Agra Tandoori,4.5,Curry
Agra Tandoori & Balti,5,Curry
Agra Tandoori Express,4.5,Curry
Agrabad,5.5,Curry
Ahads Bengal Balti,5.5,Curry
Ahjee Bhajee,5.5,Curry
Ahjee Bhajee,5.5,Curry
Ahmed Indian Takeaway,5,Curry
Ahmed Tandoori,5.5,Curry
Ahmed Tandoori,5.5,Curry
Ahmed's,5.5,Curry
Ahmeds Curry Cafe,5,Curry
Ahmeds Masala Cafe,5,Curry
Ahmed's Perfect Fried Chicken,4.5,Chicken
Ahmeds Tandoori,5,Curry
Ai Sushi,4.5,Sushi
Ai Sushi,5,Japanese
Ai Sushi,5,Japanese
Ai Sushi,5,Japanese
Ai Sushi,5,Japanese
Ai Wok,5,Chinese
Aimees,5,Burgers
Aimees,5,Burgers
Airlink Restaurant - Collection Only,Not yet rated,Curry
Aishah Tandoori,5,Curry
Aisha's,4.5,Curry
Aisuru Sushi,5,Sushi
AJ Pizza Town Limited,5.5,Burgers
AJ Takeaway,5.5,Kebab
Ajanta Indian Cuisine,5.5,Curry
Ajantha Takeaway,5.5,Curry
Aji - Collection Only,6,Japanese
AJ's Chicken,4,Kebab
AJs Multi Cuisine,5,Curry
Aisuru Sushi,5,Sushi
AJs Multi Cuisine,5,Curry
AJ's Pizza,5,Pizza
AJ's Pizza,5,Pizza
AJ's Pizza,5,Pizza
AJ's Traditional Fish & Chips,5,Pizza
AJ's Traditional Fish & Chips,5,Pizza
Ajuba Indian Cuisine,5,Curry
Ajwa Restaurant,4.5,Curry
AK Chicken Food,5,Chicken
AK Chicken Food,5,Chicken
AK Chicken Food,5,Chicken
AK Grill,5,Grill
AK Grill,5,Grill
Akar Kebab,5,Turkish
Akash,5,Curry
Akash,5,Curry
Akash,5,Curry
Akash,5,Curry
Akash,5,Curry
Akash,5.5,Curry
Akash,Not yet rated,Curry
Akash Accrington,6,Curry
Akash Balti,5.5,Bangladeshi
Akash Balti,5.5,Bangladeshi
Akash Balti,5.5,Bangladeshi
Akash Balti Spice,5,Curry
Akash Restaurant,5,Curry
Akash Restaurant,5,Curry
Akash Tandoori,4.5,Curry
Akash Tandoori,5,Curry
Akash Tandoori,5,Curry
Akash Tandoori,5.5,Curry
Akash Tandoori Restaurant,5,Curry
Akash Tandoori Restaurant - Collection Only,Not yet rated,Curry
Akbar Balti,5,Curry
Akbar Balti,5,Curry
Akbar Tandoori Restaurant,4.5,Curry
Akbar Tandoori Restaurant,4.5,Curry
Akbars,4,Middle Eastern
Akbars Lounge,5,Curry
Akbars Lounge,5,Curry
Aki's,5,Curry
Akmol Tandoori,5,Curry
AK's Triple Diner,4.5,Pizza
AK's Triple Diner,4.5,Pizza
AK'z Curry House,4,Curry
Al Amin,4.5,Curry
Al Amin,4.5,Curry
Al Amin,4.5,Curry
Al Amin,5,Curry
Al Amin,5,Curry
Al Amin,5,Curry
Al Amir,5.5,Curry
Al Arez 2,5.5,Lebanese
Al Arez Express 1,Not yet rated,Lebanese
Al Bader Lebanese Restaurant,5,Lebanese
Al Baraka,5,Curry
Al Barakah,4.5,Curry
Al Basha,5,Lebanese
Al Burrito,4.5,Mexican
Al Capone,5.5,Pizza
Akwaahs Kitchen,2.5,African
Al Capone,5.5,Pizza
Akwaahs Kitchen,2.5,African
Al Capone,5.5,Pizza
Al Capone Pizza,4.5,Pizza
Al Capone's Pizza,5,Pizza
Al Dixi Fried Chicken & Grill House,1,Chicken
Al Dixi Fried Chicken & Grill House,1,Chicken
Al Faisals Kebab House,5,Peri Peri
Al Faisals Kebab House,5,Peri Peri
Al Forno,5,Pizza
Al Frango,6,Mediterranean
Al Fresco,4.5,Pizza
Al Fresco,5.5,Curry
Al Fresco Grill,4,Pizza
Al Hajees Desi Khana,5,Curry
Al Hussain Grill & Chill,4.5,Curry
Al Hussain Grill & Chill,4.5,Curry
Al Imans Tandoori & Grill Indian,5,Curry
Al Imans Tandoori & Grill Indian,5,Curry
Al Jaber,5,Arabic
Al- Jumeirah,4,Curry
Al- Jumeirah,4,Curry
Al- Jumeirah,4,Curry
Al Karim,5.5,Pizza
Al Kebab Hut,3.5,Kebab
Al Kebab Hut,3.5,Kebab
Al Medina Delights - Collection Only,6,Pasta
Al Mustafa BBQ,5,Afghan
Al Mustafa BBQ,5,Afghan
Al Naseeb,4.5,Curry
Al Naseeb,5,Curry
Al Naseeb,5,Curry
Al Omara,Not yet rated,Arabic
Al Pachino's Pizzeria,4.5,Pizza
Al Pacino,5.5,Pizza
Al Pacino Pizza,4,Pizza
Al Pacino's,5,Kebab
Al Patto Della Pizza,5,Pizza
Al Pizza,4,American
AL QALAA,5,Lebanese
AL QALAA,5,Lebanese
AL QALAA,5,Lebanese
Al Salam,5.5,Lebanese
Al Souk Fine Lebanese Dining,4,Lebanese
Al Souk Fine Lebanese Dining,4,Lebanese
Al Souk Fine Lebanese Dining,4,Lebanese
Al Sultan,5,Pizza
Al Taj,5,Curry
Al Talia & Bombay Tandoori,5.5,Curry
Al´s Fried Chicken,5,American
Alachi,4,Curry
Aladdin,3.5,Lebanese
Aladdin,3.5,Lebanese
Aladdin Hot 4 You,5,Pizza
Aladdin Hot For You,5,Curry
Aladdin Indian,5,Curry
Aladdin Pizza,4.5,Pizza
Aladdin Pizza,4.5,Pizza
Aladdin Pizza,5,Pizza
Aladdin Pizza,5,Pizza
Aladdin Pizza,5,Pizza
Aladdin Restaurant & Shisha Lounge,Not yet rated,Moroccan
Aladdin Square Pan Pizza,5.5,Pizza
Aladdin Tandoori,5,Curry
Aladdins,5,Curry
Aladdins,5.5,Curry
Aladdins,5.5,Curry
Aladdins Balti,5.5,Curry
Alam Balti,4.5,Curry
Alam Balti Takeaway,5,Curry
Al-Amin,5,Curry
Al-Amin,5,Curry
Al-Amin,5,Curry
Alamin Tandoori,5,Curry
Alamin Tandoori,5.5,Curry
Alams Lounge,5.5,Curry
Alamut,4.5,Turkish
Alamut,4.5,Turkish
Alanya Steak & Kebab House,5,Kebab
Alaowerri Restaurant,1,African
Alasia,Not yet rated,Greek
Alasia,Not yet rated,Greek
Alaska Fried Chicken,5,American
Alaska Fried Chicken,5,American
Alasya Turkish Restaurant,5,Turkish
Alawia,5,Lebanese
Alawia,5,Lebanese
Al-Ayaan,5.5,Curry
Alba Pizza,4,Pizza
Albaba Restaurant,5,Lebanese
Albaik,5,Lebanese
"Albany Gardens, Fish & Chips & Kebabs",5,Kebab
Albany Spice,4.5,Curry
Albarakah,4.5,Curry
Albatta,5,Lebanese
Alberto's Pizza & Kebab House,5.5,Kebab
Albert's Fish & Chips,4.5,Fish & Chips
Albions,5,Pizza
Albions,5,Pizza
Alborz,5.5,American
Albrighton Balti,5.5,Curry
Alcapone Pizza Shop,5.5,Pizza
Alcatraz Caffe Bournemouth,6,Pizza
Alcatraz Caffe Poole,Not yet rated,Pizza
Alchinos,5,Pizza
Al-Dar,5,Lebanese
Al-Dar,5,Lebanese
Al-Dar Lebanese Restaurant,3,Lebanese
Al-Dar Lebanese Restaurant,3,Lebanese
Aldeli,Not yet rated,English
Al-Des Kebab,5.5,English
Aldo's,5,Fish & Chips
Aldos Takeaway,5,Pizza
Aldwych,4.5,English
Ale & Spice,5.5,Sri-lankan
Alesias Pizzeria,5,Pizza
Alex Pizza,5.5,Pizza
Alex Plaice,6,Fish & Chips
Alex Plaice,6,Fish & Chips
Alexander Express,5,Lebanese
Alexander Express,5,Lebanese
Alex's Kebab House,5.5,Kebab
Alfa Pizza & Chicken,5,Pizza
Alfa Pizza & Chicken,5,Pizza
Al-Faisal,4.5,Middle Eastern
Al-Faisal,4.5,Middle Eastern
Al-Faisal Takeaway,5,Curry
Alfeeno's,5.5,Pizza
Alfies Cafe - Collection Only,Not yet rated,Breakfast
Alfie's Fast Food & Shakes,4.5,Burgers
Alfie's Fast Food & Shakes,4.5,Burgers
Al-Forno,Not yet rated,Pizza
Alfresco,5,Pizza
Alfresco,5,Pizza
Alfresco,5,Pizza
Alfresco,5.5,Pizza
Al-Habib,5,Curry
Ali Baba,4.5,American
Ali Baba,5,Turkish
Ali Baba,5,Turkish
Ali Baba,5,Turkish
Ali Baba,5,Turkish
Ali Baba,5,Curry
Ali Baba,5.5,Kebab
Ali Baba,5.5,Kebab
Ali Baba Kebab House,4.5,Kebab
Ali Baba Kebab House,4.5,Kebab
"Ali Baba, Pizza & Kebab House",5.5,Kebab
Ali Babas,5,Turkish
Ali Babas,5,Turkish
Ali Baba's,4.5,English
Ali Baba's,5,Pizza
Ali Baba's,5,Kebab
Ali Baba's,5,Pizza
Ali Baba's,5,Pizza
Ali Baba's,5,Pizza
Ali Babas Balti,4.5,Curry
Ali Baba's Kebab & Pizza,5,Kebab
"Ali Babas Pizza, Kebab & Curries",4.5,Pizza
Ali G´s,5,Pizza
Ali Geez,4.5,Pizza
Ali Geez Pizza & Kebab,5,Pizza
Ali Geez Pizza & Kebab,5,Pizza
Ali Murad,4.5,Curry
Ali Shaan,5,Kebab
Ali Shan Tandoori,5.5,Curry
Alia Takeaway,4.5,Pizza
Ali´s Pizza Bar,4,Curry
Alibaba Charcoal Grill,5,Kebab
Alif Express,4,Curry
Alif Grill,5.5,Middle Eastern
Alifs,5,Curry
Alifs,5,Curry
Alifs,5,Curry
Aligarh Indian Restaurant,5.5,Curry
AL-IKHWAN PFC Grill & Restaurant,3.5,Chicken
Alima Pizza Delight,5,Curry
Ali's,5,Curry
Ali Mahal,5,Curry
Ali's & De-Niros,5,Curry
Ali's Alcove,5,Turkish
Ali's Balti House,5.5,Curry
Ali's BBQ Hut,5,Curry
Ali's BBQ Hut,5,Curry
Ali's Charcoal Grill,5.5,Turkish
Alis Cuisine,5.5,Curry
Alis Fast Food,4.5,Pizza
Ali's Fast Food,5.5,Curry
Alis Fish Bar,5,Fish & Chips
Ali's Hole In the Wall,4,Kebab
Ali's Indian Cuisine,5,Curry
Ali's Indian Grill,4.5,Curry
Ali's Indian Restaurant and Takeaway,5.5,Curry
Alis Indian Takeaway,5,Curry
Ali's Kebab & Pizza,4,Curry
Alis Kebab House,4,Curry
Alis Kebab House,5,Kebab
Ali's Kebab House,4.5,Kebab
Ali's Kebab House,5,Turkish
Alis Kebab Shop,5,Kebab
Alis Kebab Shop,5,Kebab
Ali's Kitchen,5.5,Curry
Ali's Kitchen,5.5,Curry
Ali's Meze Bar Charcoal Grill,3,Chicken
Alis Pizza & Kebab House,4.5,Pizza
Ali's Takeaway,5,Curry
Ali's Takeaway,5.5,Pizza
Ali's Takeaway,5.5,Pizza
Ali's Take-Away,5,Pizza
Ali's Turkish Kebab & Pizza,5,Pizza
Alisha,5,Curry
Alisha,5,Curry
Alisha Tandoori Restaurant & Takeaway,5,Curry
Alishaan,5,Bangladeshi
Alishaan,5.5,Curry
Alishaan Cafe,5.5,Curry
Alishaan Takeaway,5.5,Curry
Alishan Tandoori,5,Curry
Aliz Takeaway,4.5,Curry
Alizaks,5.5,Curry
Al-Jamil Balti Restaurant,5,Curry
Al-Jamil Balti Takeaway,5,Curry
Alkathiri Takeaway,Not yet rated,Pizza
Al-Khaleej,5,Middle Eastern
Al-Khyam,5,Curry
All Beef Burger Co,5,Burgers
All Day Breakfast Bar,4.5,Breakfast
All In One,4.5,Curry
All In One Johnstone,5,Kebab
All In One Pizza,5,Pizza
All In One Pizza,5.5,Pizza
All In One Takeaway,5,Kebab
All In One Tandoori,5.5,Curry
All Nations Dalston,5,Caribbean
All Nations Dalston,5,Caribbean
All Siam Thai Restaurant - Collection Only,6,Thai
All Spice,4.5,Caribbean
All Welcome,4.5,Chinese
Allens Fried Chicken,4,American
Allens Fried Chicken,4,American
Allens Fried Chicken,4.5,Chicken
Allens Fried Chicken,4.5,American
Allens Fried Chicken,4.5,American
Allens Fried Chicken,4.5,Chicken
Allens Fried Chicken,4.5,American
Allens Fried Chicken,4.5,American
Allen's Fried Chicken,4.5,American
Allen's Fried Chicken,4.5,American
Allens Fried Chicken BL2,4,American
Allens Fried Chicken BL2,4,American
Allens Fried Chicken BL4,4.5,American
Allens Fried Chicken BL4,4.5,American
Allens Fried Chicken M8,5,American
Allenton Balti House,5,Curry
Allenton Kebabs,4.5,Curry
Alleppey Restaurant,5,Curry
Allo Pizza,5,American
Allspice Indian Takeaway,5,Curry
Ally's Curry Palace,5.5,Curry
Al-Madina Tandoori,4.5,Curry
Al-Madina Tandoori,4.5,Curry
Al-Malik,5.5,Curry
Almanzar Tandoori,5,Curry
Al-minar Tandoori Takeaway,5.5,Curry
Al-Mirage Restaurant,5,Curry
Al-Mirage Restaurant,5,Curry
Almond Simply Roasted - Collection Only,3.5,Grill
Almondbury Balti House,5,Curry
Almoosh Snack,Not yet rated,Healthy
Almoosh Snack,Not yet rated,Healthy
Al-Nasar Kebabish,4.5,Pakistani
Alo Pizza,5,Pizza
Alpha Pizza & Chicken,4.5,Chicken
Alpha Pizza & Chicken,4.5,Chicken
Alpha Pizza & Chicken,4.5,Chicken
Alpona,4,Curry
Alraj,5.5,Curry
Alraj,5.5,Curry
AL-RAYYAN,5.5,Kebab
AL-RAYYAN,5.5,Kebab
Al's Fried Chicken,4.5,American
Al's Fried Chicken,4.5,American
Al's Pizza,4,Pizza
Al's Sandwich Bar,5,Sandwiches
Al's Tikka Grill,5,Curry
Al-Shaam,5,Arabic
Al-Sulttan,5,Lebanese
Al-Sulttan,5,Lebanese
Al-Sulttan,5,Lebanese
Altafs Balti,5,Curry
Altaf's Indian Takeaway,5,Curry
Alternative Takeaway,5.5,American
Alumwell Chippy,5,Fish & Chips
Alternative Takeaway 2,5,Pizza
Alumwell Chippy,5,Fish & Chips
Alva Tandoori,5,Curry
"Alvaro's Fish & Chips, Pizza Pasta & Kebab",4,Fish & Chips
Alvaston Fast Food Curries Takeaway,5,Curry
Alvaston Kebab,5,Curry
Alvin's Caffe,Not yet rated,Fish & Chips
Alvin's Caffe,Not yet rated,Fish & Chips
Alwaha Takeaway,4.5,Kebab
Alwaha Takeaway,4.5,Kebab
Amaanas Indian Takeaway,5.5,Curry
Amaan's,5.5,Curry
Amaans Fast Foods Ltd,4.5,Curry
Amaan's Grill House,5,Curry
Amaan's Grill House,5,Curry
Amaans Kitchen,5,Curry
Amaans Kitchen,5,Curry
Amalfi,5,Pizza
Aman Tandoori,4.5,Curry
Aman Indian Restaurant,5.5,Curry
Amani,5,Fish & Chips
Amani Classic Punjabi Indian Cuisine,5.5,Curry
Amanos Pizza,5.5,Pizza
Amantola,4.5,Curry
Amal Lebanese and Moroccan Cuisine,4.5,Lebanese
Amal Lebanese and Moroccan Cuisine,4.5,Lebanese
Amala,5,Curry
Amarah's Curry & Grill,5.5,Curry
Amaans Grill House & Takeaway,5,Pizza
Amaans Grill House & Takeaway,5,Pizza
Amaans Kitchen,5,Curry
Amaretto Ristorante & Pizzeria,5,Pizza
Amaretto Ristorante & Pizzeria,5,Pizza
Amaretto Ristorante Pizzeria,5,Pizza
Amaretto Ristorante Pizzeria,5,Pizza
Amaretto Ristorante Pizzeria,5,Pizza
Amaretto Ristorante Pizzeria,5,Pizza
Amasi Cafe,5,Pizza
Amasi Cafe,5,Pizza
Amasi Cafe,5,Pizza
Amazing,4,Chinese
Ambala,5,Curry
Ambala,5,Curry
Ambal's Restaurant,5,Curry
Ambassador Restaurant,5,Lebanese
Ambassador Restaurant,5,Lebanese
Amber,4.5,Chinese
Amber Cuisine,5,Chinese
Ambers Cafe,4.5,American
Ambers Cafe,4.5,American
Ambers Stonebaked Pizzas,4.5,Burgers
Ambia,5.5,Curry
Ambience Express,4.5,Turkish
Ambience Express,4.5,Turkish
Ambience Express,4.5,Turkish
Ambience Express,5.5,Turkish
Ambience Express,5.5,Turkish
Ambrosia Pizzeria,5.5,Pizza
Ambrosia Pizzeria,5.5,Pizza
Ambuja Indian Restraunt,5.5,Curry
Ameens,3.5,Pizza
Ameera's,5.5,Curry
Amera Rani,5,Curry
Amera Rani,5,Curry
American BBQ and Burger Co.,4.5,American
American BBQ and Burger Co.,4.5,American
American Chicken & Pizza,5,American
American Chicken Hut,4.5,American
American Chicken Hut,4.5,American
American Chicken Ranch,4.5,American
American Favourite Chicken,5,Chicken
American Fried Chicken,5.5,American
American Fried Chicken AFC,5,Kebab
American Handmade Burgers,5.5,American
American Hot Pizza,4.5,Pizza
American Hot Pizza,4.5,Pizza
American Hot Pizza,4.5,Pizza
American Hut,5,Pizza
"American Perfect Fried Chicken, Pizza & Kebab",4.5,American
"American Perfect Fried Chicken, Pizza & Kebab",4.5,American
"American Perfect Fried Chicken, Pizza & Kebab",4.5,American
American Pizza,4.5,American
American Pizza,5,Pizza
American Pizza,5,Pizza
American Pizza,5,Chicken
American Pizza,5,Pizza
American Pizza,5,Pizza
American Pizza House,4.5,Pizza
American Pizza House,4.5,Pizza
American Pizza House,5,Pizza
American Pizza Planet,4,Pizza
American Slice,5.5,Pizza
American Slice,5.5,Pizza
Americana Fried Chicken,4,American
Americanos Pizza,5.5,Pizza
Amesbury Spice,5,Curry
Amici Italian & Doost Persian Grill,4.5,Pizza
Amici Italian & Doost Persian Grill,4.5,Pizza
Amici Miei 2 go,5.5,Pizza
Amici Miei2go.,5,Pizza
Amici Miei2go.,5,Pizza
Amici Pizzeria & Ristorante,5.5,Pizza
Amici Pizzeria Ristorante,5,Pizza
Amico,5.5,Pizza
Amico Piri Piri Chicken,5,Lebanese
Amico Piri Piri Chicken,5,Lebanese
Amico Pizza,5.5,American
Amico's Pizza,5.5,Pizza
Amigo Pizza,5,American
Amigo Pizza,5,Pizza
Amigo Pizza,5,Pizza
Amigo Uk Pizza & Kebab,3,Pizza
Amigo´s Pizza,4.5,Pizza
Amigos,4.5,Mexican
Amigos,5,American
Amigos,5,Pizza
Amigos,5,Turkish
Amigo's,4.5,Kebab
Amigos Food Hut,5.5,Pizza
Amigos Fried Chicken,5,Chicken
Amigos Fried Chicken,5,Chicken
Amigos Fried Chicken,5,Chicken
Amigos Mexican Kitchen,4.5,Mexican
Amigos Mexican Takeaway,4.5,Mexican
Amigos Mexican Takeaway,4.5,Mexican
Amigos Mexican Takeaway,4.5,Mexican
Amigos Mexican Takeaway,5,Mexican
Amigo's Milkshake Bar,5,Pizza
Amigo's Milkshake Bar,5,Pizza
Amigos Pizza,5.5,Pizza
Amigos Pizza,5.5,Pizza
Amigos Pizza,5.5,Pizza
Amigos Pizza,5.5,Pizza
Amigos Pizza,5.5,Pizza
Amigo's Pizza,5.5,Pizza
Amin Finest Indian Takeaway,5.5,Curry
Amin Finest Indian Takeaway,5.5,Curry
Amina,6,Curry
Amina Tandoori Restaurant,5.5,Bangladeshi
Amina Tandoori Restaurant,5.5,Bangladeshi
Aminah Tandoori,5,Curry
Aminah Tandoori,5,Curry
Amina's Fine Indian Cuisine,5.5,Curry
Amina's Tandoori,5,Curry
Amin's,5.5,Curry
Amir Balti House,5.5,Curry
Amirah Balti,5.5,Curry
Amirah's Kitchen,5,Curry
Amiras Fast Food,4.5,Kebab
Amir's Restaurant,5.5,Curry
Amirul Indian & Thai Restaurant,4.5,Curry
AMK Peri Peri,5.5,Pizza
Ammaiyra Takeaway,5.5,Curry
Ammaiyra Takeaway,5.5,Curry
Ammanford Fish Bar,6,Fish & Chips
Amma's Curry,5,Curry
Amma's Curry,5,Curry
Amma's Kitchen,4.5,Grill
Amma's Kitchen,4.5,Grill
Amora Pizza,5.5,Pizza
Amore Express,5,Pizza
Amore Pizza,5,Pizza
Amore Pizza,5,Pizza
Amore Pizza,5,Pizza
Amore Pizzeria,4.5,Pizza
Amran Grill & Pizza,5,Afghan
Amran Grill & Pizza,5,Afghan
Amras Sri Lankan & South Indian Restaurant (HMC),5,Sri-lankan
Amrit Sweet Centre,4,Vegetarian
Amrit Sweet Centre,4,Vegetarian
Amritsar,5.5,Curry
Amritsar Tandoori Restaurant,5,Curry
Amro's Tandoori,4.5,Curry
Amro's Tandoori,4.5,Curry
Amy's Fish & Chips & Chinese Takeaway,5,Chinese
Amy's Pizza,4.5,Pizza
An Noor,5,Kebab
Anaarkali Restaurant,5,Curry
Anamika - Collection Only,5.5,Curry
Anar Persian Kitchen,4.5,Persian
Anar Persian Kitchen,4.5,Persian
Anar Persian Kitchen,4.5,Persian
Anarkali,3,Curry
Anarkali,5.5,Curry
Anastasia,5,Greek
Anatolia 2 Pizza Burger Kebab House,5.5,Pizza
Anatolia Kebabs - Since 1993,5.5,Turkish
Anatolia Kebabs - Since 1993,5.5,Turkish
Anatolia Pizza & Kebab House,5.5,Pizza
Anatolian,5,Pizza
Anatolian,5,Pizza
Anaya's Kilbirnie,5,Curry
Anaya's Kilbirnie,5,Curry
Anaz Indian Takeaway,5,Curry
Anchor Fish & Chips & Kebabs,5,Kebab
Anchor Sea Fry - Collection Only,4,Fish & Chips
Andalouse Grill,5.5,Arabic
Andalucia Kebab House Charcoal Grill Restaurant,5,Kebab
Andover Peri Peri,5.5,Peri Peri
Andover Tandoori - Collection Only,6,Curry
Andover Tandoori - Collection Only,6,Curry
Andreas Kebabs & Pizzeria,4,Pizza
Andreas Takeaway,5,Kebab
Andrew's Kebab House,5,Pizza
Andy's Kebab at the Snack Wagon,5,Kebab
Andy's Plaice,5.5,Fish & Chips
Andy's Takeaway,5.5,Fish & Chips
Andy's Takeaway,5.5,Chinese
Angeethi Indian Express,6,Curry
Andaz Indian Restaurant & Takeaway,5.5,Bangladeshi
Angel Curry Centre,5,Curry
Angel Curry Centre,5,Curry
Angel Curry Centre,5,Curry
Angel Express,5,Chinese
Angel Express,5,Chinese
Angel Falls Indian Cuisine,4.5,Curry
Angel Fried Chicken & Pizza,Not yet rated,Chicken
Angel Garden Chinese,5,Chinese
Angel Garden Chinese,5,Chinese
Angel Kebab,5,Kebab
Angel Kebab,5,Kebab
Angel Lane Chippy,2.5,Fish & Chips
Angel Pizza,5,Pizza
Angel Pizza,5,Pizza
Angelos Pizza,4.5,Pizza
Angelo's Pizzeria,4.5,Pizza
Angelo's Pizzeria,4.5,Pizza
Angelo's Pizzeria,5,Pizza
Angelos Takeaway,5.5,Pizza
Angelo's Takeaway,5.5,English
Angies Fish & Chips,4.5,Fish & Chips
Angies Fish & Chips,5.5,Fish & Chips
Anglo Pizza,5,Pizza
Anglo Pizza,5,Pizza
Anglo Pizza,5,Pizza
Anglo Pizza,5,Pizza
Anglo Pizza,5.5,Pizza
Anglo Pizza,5.5,Pizza
Anglo Saxon,5.5,Pizza
Angon,5.5,Curry
Angon,5.5,Curry
Angra,3.5,Curry
Angra,3.5,Curry
Anh Dao,4,Vietnamese
Anh Dao,4,Vietnamese
Anica Indian Restaurant,4.5,Curry
Anica Indian Restaurant,4.5,Curry
Anicia Catering,4.5,Caribbean
Anicia Catering,4.5,Caribbean
Anicia Catering,4.5,Caribbean
Anika,5,Curry
Anika Balti Express,5.5,Curry
Anika Indian Takeaway,5.5,Curry
Anikas Indian Takeaway,5,Curry
Anikas Indian Takeaway,5,Curry
Anima D'italia,5,Pizza
Ani-Mag Heavenly Food,5.5,Polish
Ani-Mag Heavenly Food,5.5,Polish
Aniqa Balti Tandoori,5,Curry
Aniqa Balti Tandoori,5,Curry
Anisa Indian Takeaway,5,Curry
Anisa Spice,5.5,Curry
Anisa Spice,5.5,Curry
Anise,5.5,Chinese
Aniseed Bar & Indian Restaurant,5,Curry
Anis's - The Taste of Perfection,6,Curry
Anjanaas Restaurant,5,South Curry
Anjanaas Restaurant,5,South Curry
Anjum's Indian Restaurant,5,Curry
Anjum's Indian Restaurant,5,Curry
Anmol Cuisine,5,Curry
Anmol Cuisine,5,Curry
Anmol Cuisine,5,Curry
Anmol Indian Takeaway,5,Curry
Anmol Takeaway,5,Curry
Anmol Zaika,5,Curry
Annamma Spices,3.5,Sri-lankan
Annamma Spices,3.5,Sri-lankan
Annapurna Gurkha Restaurant,5.5,Curry
Annapurna Indian Cuisine,4.5,Curry
Anna's Chinese Takeaway,5,Chinese
Anna's Thai Restaurant,4.5,Thai
Anna's Thai Restaurant,4.5,Thai
Annaya's Indian,5,Curry
Anne's Cafe,5.5,Breakfast
Annitsford Tandoori Takeaway,5.5,Curry
Anns Fish Shop,5.5,Fish & Chips
"Anns Fry Fish and Chip Shop, Pizzas and Kebabs",5,Fish & Chips
"Anns Fry Fish and Chip Shop, Pizzas and Kebabs",5,Fish & Chips
Ann's Thai@ The Bulls Head,6,Thai
Anny's Bespoke Cuisine,5.5,Pizza
Anokha Indian Bar & Restaurant,Not yet rated,Curry
Anokha Indian Bar & Restaurant,Not yet rated,Curry
Anokha Indian Bar & Restaurant,Not yet rated,Curry
Anokha Indian Restaurant & Takeaway,5,Curry
Anoki Burton,5,Curry
Anoki Derby,5.5,Curry
Anoki Nottingham - Collection Only,5,Curry
Another Plaice To Be,4.5,Fish & Chips
Anstey Lane Bar & Grill Indian Takeaway (NEW),Not yet rated,Grill
Antalya,5,Kebab
Antalya,5,Pizza
Antalya,5.5,Turkish
Antalya BBQ Restaurant - Collection Only,4.5,Turkish
Antalya BBQ Restaurant - Collection Only,4.5,Turkish
Antalya Food Express,5.5,Curry
Antalya Kebab House,5,Turkish
Antalya Kebab House,5,Turkish
Antep Durum,5,Turkish
Antep Pizza,5,Pizza
Antep Pizza,5,Pizza
Antep Pizza Cramlington,4.5,Pizza
Anthony's Pizza & Kebab House,4.5,Pizza
Antonio's,4.5,Pizza
Antonios Pizza,4,Pizza
Antonios Pizza,4,Pizza
Antonios Pizza,4.5,Pizza
Antons Pizza,4.5,Pizza
Anuraag Tandoori Restaurant,5,Curry
Anuraag Tandoori Restaurant,5,Curry
Anu's Kitchen,4.5,Curry
Anzar's Takeaway,5,Curry
A-One Chicken Hut,3.5,American
Aphrodite Fish Bar,5.5,Fish & Chips
Aphrodite’s Greek Mediterranean Cuisine & Pizzeria,5,Greek
Apna Curry Feast,5,Curry
Apna Grill House,4.5,Kebab
Apna Lahore,5,Curry
Apna Lounge & Bar,5,Curry
Apna Lounge & Bar,5,Curry
Apna Pizza Bar,5,Pizza
Apna Shalimar,4.5,Curry
Apni Haveli Bar & Restaurant,5.5,Curry
Apo's,5,Turkish
Apo's,5,Turkish
Appetizing Delights,5,Caribbean
Appetizing Delights,5,Caribbean
Appleby's Fish & Chips,5,Fish & Chips
Aqib's Indian & Fish & Chips,5.5,Curry
Arabesque,6,Mediterranean
Arabiana,5.5,Lebanese
Araminta,5,Curry
Arawak Grill,5.5,Caribbean
Arawak Grill,5.5,Caribbean
Arayes Lebanese Restaurant & Grill House,5.5,Lebanese
Arayes Lebanese Restaurant & Grill House,5.5,Lebanese
Arbil Sharwarma,4.5,Mediterranean
Arbuckles Baguette Bar,4.5,Sandwiches
Arch Chinese,5,Chinese
Arch Chinese,5,Chinese
Arches Fish Bar,5.5,Fish & Chips
Archies Chippy,5,Fish & Chips
Arco Pizza & Fish Bar,4.5,Fish & Chips
Arda Kebab & Fish Bar,4.5,Kebab
Arden Oak,5.5,Chinese
Argee Bhajee,5,Curry
Argee Bhajee,5,Curry
Argy Bhaji,5.5,Curry
Argyle Pizza,5.5,Pizza
Ariana,4.5,Afghan
Ariana,4.5,Afghan
Ariana Grill Tandoori,4.5,Curry
Ariana Restaurant,5,Afghan
Ariana Restaurant,5,Afghan
Ariana Restaurant,5,Afghan
Ariana Restaurant,5,Afghan
Ariana Restaurant,5.5,Persian
Ariana Restaurant,5.5,Persian
Ariana Restaurant & Paddington Pizza,5.5,Persian
Ariana Restaurant & Paddington Pizza,5.5,Persian
Ariel Open Kitchen,5,Chinese
Arigato Sushi & Thai,4,Japanese
Arigato Sushi & Thai,4,Japanese
Arirang,4,Chinese
Arirang,4,Chinese
Arirang,4,Chinese
Arirang,4,Chinese
Arirang,4,Chinese
Arirang,4,Chinese
Ari's Spices,4.5,Pizza
Arishana Contemporary Indian Dining,5,Curry
Ariya Restaurant & Bar,4,African
Ariya Restaurant & Bar,4,African
Arizona,4.5,Pizza
Ark Burger & Salad Bar,6,American
Armaan Restaurant & Takeaway,5,Curry
Armaan Restaurant & Takeaway,5,Curry
Armaan's,4,Curry
Armadillo Restaurant,5,Mediterranean
Arman Restaurant,5,Pizza
Arman Spice,5.5,Curry
Arman Spice,5.5,Curry
Armando Pizzeria @ Harrowden Fisheries,5,Pizza
Arman's,5.5,Curry
Arnold's,5,American
Aroma,4.5,Curry
Aroma,4.5,Curry
Aroma,4.5,Curry
Aroma,5,Fish & Chips
Aroma,5,Curry
Aroma,5,Curry
Aroma,5,Curry
Aroma,5.5,Curry
Aroma,5.5,Curry
Aroma,5.5,Curry
Aroma Bar Restaurant Takeaway - Collection Only,6,Curry
Aroma Bar Restaurant Takeaway - Collection Only,6,Curry
Aroma Chinese,5,Chinese
Aroma Contemporary Indian Takeaway,5.5,Curry
Aroma Contemporary Indian Takeaway,5.5,Curry
Aroma House,5.5,Chinese
Aroma Indian Cuisine,5,Curry
Aroma Indian Restaurant,5,Curry
Aroma Indian Restaurant,5,Curry
Aroma Indian Take Away,5.5,Curry
Aroma Indian Take Away,5.5,Curry
Aroma Kebabs,5,Curry
Aroma Of Bengal,5,Curry
Aroma Pizza,5,Pizza
Aroma Pizza,5.5,Pizza
Aroma Spice,5,Curry
Aroma Spice,5,Curry
Aroma Spice,5,Curry
Aroma Spice,5,Curry
Aroma Spice,5,Curry
Aroma Tandoori,5,Curry
Aroma Tandoori,5,Curry
Aroma Woodfired Pizza,4.5,Pizza
Aromas,5,Chinese
Aroma's Pizza & Fast Food,5,Pizza
Aromas Tandoori Restaurant,5.5,Curry
Arong,5.5,Curry
Arong Indian Takeaway,5.5,Curry
Arooje Restaurant,5.5,Curry
Aroush Cafe,5,Curry
Aroush Cafe,5,Curry
Arowana,Not yet rated,Fish & Chips
Arsenal Chinese Food & Fish Bar,4.5,Chinese
Arsenal Chinese Food & Fish Bar,4.5,Chinese
Art Burger Co,5,Burgers
Art Burger Co,5,Burgers
Art Of Spices,5,Curry
Art Of Spices,5,Curry
Art Of Spices,5.5,Curry
Artemis,5,Kebab
Artemis,5.5,Turkish
Arthi's Indian Restaurant,5,Curry
Arthur's China City,4.5,Chinese
Arturo Mazzeo Concept Pizza,5,Pizza
Aruba Tasty Pizza,5,Pizza
Arusuvai,4.5,South Curry
Arusuvai,Not yet rated,Curry
Aryan's Pizza House Bar & Grill,5,Pizza
Arzoo Oxford,4,Curry
Arzoo Witney,4.5,Curry
Ascot Spices,5,Curry
Aseel Chicken,5.5,Chicken
Asha,5,Curry
Asha,5.5,Curry
Asha Indian,5.5,Curry
Asha Indian,5.5,Curry
Asha Indian,5.5,Curry
Asha Indian Takeaway,5.5,Curry
Asha Indian Takeaway,5.5,Curry
Asha Tandoori Restaurant,5,Curry
Asha Tandoori Restaurant,5,Curry
Asham Indian Takeaway,5,Curry
Asha's,5,Curry
Ashford Charcoal Grill,5,Burgers
Ashford Grill,4,Kebab
Ashiana,5,Kebab
Ashiana,5,Bangladeshi
Ashiana,5,Curry
Ashiana,Not yet rated,Curry
Ashiana Indian Takeaway,5,Curry
Ashiana Indian Takeaway,5.5,Curry
Ashiyana Indian Restaurant,5.5,Curry
Ashiyana Indian Restaurant,5.5,Curry
Ashleys Takeaway,5.5,Curry
Ashmaan Tandoori,5,Curry
Ashmaan Tandoori,5,Curry
Ashoka,4,Curry
Ashoka,4.5,Curry
Ashoka,5,Curry
Ashoka Bar & Restaurant,5,Curry
Ashoka Bearsden,5,Curry
Ashoka Cook School,5,Curry
Ashoka Johnstone,5,Curry
Ashoka Regent Brasserie,4.5,Curry
Ashoka Regent Brasserie,4.5,Curry
Ashoka Shak Dundee,4.5,Curry
Ashoka Tandoori LTD,5,Curry
Ashoka West End (Argyle St),4.5,Curry
Ashtead Balti,5,Curry
Ashton Balti House,5.5,Curry
Ashton Balti House,5.5,Curry
Ashton Fish Bar,5.5,Fish & Chips
Ashton Fish Bar,5.5,Fish & Chips
Ashtoon Pizza & Chippy,5.5,Pizza
Ashy's Chippery & Takeaway,4.5,Fish & Chips
Asia Asia,3.5,Chinese
Asia Bagus,5.5,Chinese
Asia Channel,5,Chinese
Asia Chinese,4.5,Chinese
Asia Delight,5,Chinese
Asia Garden,5,Chinese
Asia Indian Takeaway,5,Curry
Asia Lounge,4,Curry
Asia Lounge,4,Curry
Asia Tandoori,4,Curry
Asia Tandoori Restaurant - Collection Only,Not yet rated,Curry
Asia Villa,5.5,Thai
Asia Wok,4.5,Chinese
Asian Box,5,Thai
Asian Delight,5,Curry
Asian Flavaz,5,Curry
Asian Fusion,5.5,Chinese
Asian Gate,5,Curry
Asian Kitchen,4.5,Curry
Asian Kitchen,5.5,Chinese
Asian Restaurant,5.5,Mediterranean
Asian Spice,5,Curry
Asian Spice,Not yet rated,Curry
Asian Spicy,4,Curry
Asian Station,5.5,Chinese
Asian Tandoori,5,Curry
Asian Tandoori,5.5,Curry
Asiana,4,Curry
Asiana Fine Indian Dining,5.5,Curry
Asif,5,Curry
Asif,5,Curry
Asim Pizza & Kebab House,4.5,Pizza
Asim Pizza & Kebab House,4.5,Pizza
Askew Fish & Kebabs,5.5,Kebab
Asli Restaurant,5,Arabic
Asli Restaurant,5,Arabic
Asli Zaiqa,6,Curry
Aspendos,5.5,Pizza
Aspendos,5.5,Pizza
Aspendos,5.5,Pizza
Aspendos,5.5,Pizza
Aspendos,5.5,Pizza
Aspendos,6,Pizza
Aspley Fish Bar & Kebab House,4.5,Fish & Chips
Asraa Shisha Lounge,4,Burgers
Assam,Not yet rated,Curry
Assam´s,4.5,Curry
Assam´s,4.5,Curry
Astley Grill,4,American
Astley Grill,4,American
Astley Tandoori,5,Curry
Astley Tandoori,5,Curry
Aston Station Chippy Kebab House,3,Kebab
Aston Station Chippy Kebab House,3,Kebab
Asya Mangal,5,Turkish
At Wan Da,4.5,Chinese
At Wan Da,4.5,Chinese
At28,5,Chinese
Atash Persian Restaurant - Collection Only,6,Persian
Atash Persian Restaurant - Collection Only,6,Persian
Athena,5.5,Greek
Athena,5.5,Greek
Athena B Fish Bar - Collection Only,6,Fish & Chips
Athena B Fish Bar - Collection Only,6,Fish & Chips
Athena Fish Bar,5,Fish & Chips
Athena Gyros,5,Greek
Athens Grill,5,Greek
Athina,5,Fish & Chips
Atifa Finest Indian Takeaway,4.5,Curry
Atithi,5,Curry
Atithi,5,Curry
Atithi,5,Curry
Atithi Indian Cuisine,5,Curry
Atkinsons Fish & Chips,5.5,Fish & Chips
Atlanta Takeaway,5,Pizza
Atlantic Bakeries,Not yet rated,Caribbean
Atlantic Bakeries,Not yet rated,Caribbean
Atlantic BBQ Grill,4,Kebab
Atlantic Fish & Chips,5.5,Fish & Chips
Atlantic Fish & Chips,5.5,Fish & Chips
Atlantic Fish Bar,4,English
Atlantic Fish Bar,4,Fish & Chips
Atlantic Fish Bar,Not yet rated,Fish & Chips
Atlantic Fish Bar - Collection Only,Not yet rated,Fish & Chips
Atlantic Fish Bar & Restaurant,5,Burgers
Atlantic Gourmet,6,Fish & Chips
Atlantis 1,5.5,Fish & Chips
Atlantis Fish & Chips,Not yet rated,Fish & Chips
Atlantis Fish Bar & Cafe,5.5,Fish & Chips
Atlantis Fish Bar & Cafe,5.5,Fish & Chips
Atlantis Fish Bar & Cafe,5.5,Fish & Chips
Atlantis Fish Bar Kebabs & Pizza,5,Fish & Chips
Atlantis Modern Indian Takeaway,4.5,Curry
Atlantis Pizza,5,Pizza
Atwals Fish & Chicken Bar,5,Fish & Chips
Atwals Fish & Chicken Bar,5,Fish & Chips
Au Village - Collection Only,Not yet rated,*NEW*
August Moon,4.5,Chinese
Aumthong Thai Restaurant,4.5,Thai
Aunt Sallys,4.5,Caribbean
Aunt Sally's,4.5,Caribbean
Aunt Sally's,4.5,Caribbean
Auntie May's Chinese Takeaway,5,Chinese
Auntie May's Chinese Takeaway,5,Chinese
Autentico,4.5,Pizza
Authentic Curry Pot,5.5,Curry
Authentic Kebab,5,Fish & Chips
Avalons Mexitalian,5,Mexican
Avante Pizza,5,Pizza
Avante Pizza,5,Pizza
Avanti Pizza,5.5,Pizza
Avanti Pizza & Pasta,4.5,Pizza
Avanti Pizza & Pasta,4.5,Pizza
Avanti Pizza & Pasta,4.5,Pizza
Av-A-Pizza,5,Pizza
Av-A-Pizza,5,Pizza
Avesta,5,Persian
Avon Spice,5.5,Curry
Avon Spice,5.5,Curry
Avtars Golden Fry-Curries,5,Curry
Ay Ya So Nice Authentic Caribbean Cuisine,5,Caribbean
Aya 2 Lebanese,4.5,Lebanese
Aya 2 Lebanese,4.5,Lebanese
Aya Pizzeria,5.5,Pizza
Ayaan Tandoori,5.5,Curry
Ayaans,4,Pizza
Ayaan's,5,Curry
Ayaan's Miami Chicken,4.5,Chicken
Ayaan's Miami Chicken,4.5,Chicken
Ayame Sushi,5,Japanese
Ayame Sushi,5,Japanese
Ayame Sushi,5,Japanese
Ayaz's,5.5,Curry
Aydins,5,Curry
Ayisha,4.5,Curry
Aylesbury Tandoori,4.5,Curry
Ayr Tandoori,4.5,Curry
Ayr Turkish Food Club,5,Pizza
Aysan Kebab & Pizza,5.5,Kebab
Aysha Indian,5.5,Curry
Ayubowan,6,Sri-lankan
Azaad Takeaway,5,Curry
AzaadDundee - Poppadoms,5.5,Curry
Azad Manzil,5,Curry
Azad Tandoori & Pizzeria,5,Pizza
Azad Tandoori Indian Restauarant,5.5,Curry
Azaro Indian Dining - Collection Only,5,Curry
Azaro Indian Dining - Collection Only,5,Curry
Azeem Cafe Balti,5.5,Curry
Azeem Indian Takeaway,5,Curry
Azeem's,5.5,Curry
Azerbaijan Restaurant,5,Azerbaijan
Azerbaijan Restaurant,5,Azerbaijan
Azeri Cuisine,5,Azerbaijan
Azeri Cuisine,5,Azerbaijan
Azeri Cuisine,5,Azerbaijan
Azeri Cuisine,5,Azerbaijan
Aziz,4.5,Curry
Aziz Khan,5,Curry
Aziz Pizza,4.5,Pizza
Azka Balti,5,Curry
Azka Balti,5,Curry
Azka Turkish Meze,5,Turkish
Azka Turkish Meze,5,Turkish
Azka Turkish Meze,5,Turkish
Azma Pizza & Grill,5,Kebab
Azouma Morrocan,4,Moroccan
Azure Restaurant,5,Mediterranean
Azure Restaurant,5,Mediterranean
Azure Restaurant,5,Mediterranean
Azure Restaurant,5,Mediterranean
Azzy's Takeaway,5.5,Curry
Azzy's Takeaway,5.5,Curry
B & H Chippy & Cafe,4.5,Fish & Chips
B & U Uni Pizza & Curry,4.5,Pizza
B & U Uni Pizza & Curry,4.5,Pizza
B F C,5,Chicken
B F C,5.5,Burgers
B F C,5.5,Burgers
B J's Sandwich Bar,5,Sandwiches
B J's Sandwich Bar,5,Sandwiches
B Medina,5,Curry
B Medina Takeaway,5.5,Curry
B&N,5.5,Kebab
B&N,5.5,Kebab
B26 Food Of India,5.5,Curry
Ba Fu Chinese,4.5,Chinese
Baan Siam Thai Cuisine,5,Thai
Baan Thai,4,Thai
Baan Thai,4,Thai
Baan Thai,5,Thai
Baan Thai,5,Thai
Baba Express,5,Pizza
Baba G,5.5,Curry
Baba Ganosh,5,Lebanese
Baba Lal's Peri Peri,5,Peri Peri
Baba Mediterranean BBQ Kebabs,5.5,Pizza
Baba Mediterranean BBQ Kebabs,5.5,Pizza
Baba Tandoori,5.5,Curry
"Baba's Fast Food, Pizza & Kebab",4.5,Kebab
Babas Indian Takeaway,5,Curry
Babilos,5,Chicken
Babilos,5,Chicken
Babo's,5.5,Kebab
Babouchi Grill,5.5,Curry
Babs,5,Fish & Chips
Baburchi,5.5,Curry
Baburchi,5.5,Curry
Baburchi,5.5,Curry
Baburchi Cuisine,4.5,Bangladeshi
Babu's Indian Spice,Not yet rated,Curry
Babylon,5,Mediterranean
Babylon,5,Pizza
Babylon Fast Food,4,Pizza
Babylon Grill,5,Mediterranean
Babylon Grill,5,Mediterranean
Babylon Grill,5,Kebab
Babylon Inn - Collection Only,4,Middle Eastern
Babylon Inn - Collection Only,4,Middle Eastern
Babylon Inn - Collection Only,4,Middle Eastern
Babylon Inn - Collection Only,4,Middle Eastern
Babylon Palace,5,Lebanese
Babylon Palace,5,Lebanese
Babylon Pizza,5,Pizza
Babylon Pizza,5,Pizza
Babylon Pizza,5,Pizza
Babylon Pizza Bar,5,Pizza
Babylon Takeaway,5,Pizza
Bacca's Fish Bar,4.5,Fish & Chips
Backwell Indian Takeaway Ltd,5,Curry
Bada-Bing,5.5,American
Baddow Tandoori,5,Curry
Bader Restaurant,5,Lebanese
Badi Mirchi,4.5,Curry
Bagel & Shake,4,English
Bagel & Shake,4,English
Bagel & Shake Wembley,4.5,Milkshakes
Bagel & Shake Wembley,4.5,Milkshakes
Bagels with Shakes,5,Milkshakes
Bagels with Shakes,5,Milkshakes
Bagels with Shakes,5,Milkshakes
Baguette Corner,5,Sandwiches
Bahar Kebab & Pizza,4.5,Kebab
Bahar's Kebab & Burger Bar,4.5,Kebab
Bahar's Kebab & Burger Bar,4.5,Kebab
Bahgecha,5.5,Curry
Bahktrasa,5.5,Pizza
Bahktrasa,5.5,Pizza
Baildon Spice,5.5,Curry
Baildon Spice,5.5,Curry
Baileys Caribbean,5,Caribbean
Baileys Caribbean,5,Caribbean
Baileys Fish Bar,5.5,Fish & Chips
Baileys Fish Bar,5.5,Fish & Chips
Baileys Fish Bar,5.5,Fish & Chips
Bailiff Bridge Pizza Corner,5,English
Bailiff Bridge Pizza Corner,5,English
Bains Fish Bar,5.5,Fish & Chips
Bainsford Chippy,5,Fish & Chips
Bainsys Bar and Indian Restaurant,Not yet rated,Curry
Bajis,5,Curry
Bakar's Curry & Fast Food,5,Curry
Bakar's Curry & Fast Food,5,Curry
Bake Oven Bakery - Collection Only,Not yet rated,Sandwiches
Bakes 'N' Shakes,4,English
Balajee Spice Tandoori,5,Curry
Balaka,4.5,Curry
Balboa's,4.5,Pizza
Balboa's,4.5,Pizza
Balgores Best Kebab,5,Pizza
Bali Chippy,5,English
Balle Balle Creative Indian Bistro,5.5,Curry
Balman's Kebabs,4.5,Turkish
Balti & Pizza Masters,5,Curry
Balti & Pizza Masters,5,Curry
Balti 2 Night,5.5,Curry
Balti 2000,4.5,Curry
Balti 2000,5,Curry
Balti 2000,5.5,Curry
Balti 2000,5.5,Curry
Balti Aroma,5,Curry
Balti Base,5,Curry
Balti Bites,5.5,Curry
Balti Castle,4.5,Curry
Balti Chef,5.5,Curry
Balti Club,4.5,Curry
Balti Corner,5.5,Curry
Balti Cottage,5,Curry
Balti Cottage,Not yet rated,Curry
Balti Curries,4.5,Curry
Balti Delight,5.5,Curry
Balti Dilshad,4.5,Curry
Balti Dilshad,4.5,Curry
Balti Express,4,Curry
Balti Express,5,Curry
Balti Express,5,Curry
Balti Express,5,Curry
Balti Express,5,Curry
Balti Express,5,Curry
Balti Express,5,Curry
Balti Express,5,Curry
Balti Express,5,Curry
Balti Express,5,Curry
Balti Express,5.5,Curry
Balti Express,5.5,Curry
Balti Express,5.5,Curry
Balti Garden,5,Curry
Balti House,5,Curry
Balti House,5,Curry
Balti House,5,Curry
Balti House & Mocktail Bar,4.5,Curry
Balti House Indian Takeaway,4,Curry
Balti House Restaurant,5,Curry
Balti Hut,4.5,Curry
Balti Hut,4.5,Curry
Balti Hut,5,Curry
Balti Hut,5,Curry
Balti Hut,5,Curry
Balti Hut,5,Curry
Balti Hut,5,Curry
Balti Hut,5,Curry
Balti Hut,5,Curry
Balti Hut,5,Curry
Balti Hut,5,Curry
Balti Hut,5,Curry
Balti Hut,5.5,Curry
Balti Hut,5.5,Curry
Balti Hut,5.5,Curry
Balti Hut,5.5,Curry
Balti Hut,5.5,Curry
Balti Hut,6,Curry
Balti Hut Restaurant & Takeaway,4.5,Curry
Balti Hut Restaurant & Takeaway,5,Curry
Balti International,5.5,Curry
Balti King,4.5,Curry
Balti King,4.5,Curry
Balti King,4.5,Curry
Balti King,4.5,Curry
Balti King,4.5,Curry
Balti King,4.5,Curry
Balti King,4.5,Curry
Balti King,5,Curry
Balti King,5,Curry
Balti King,5,Curry
Balti King,5.5,Curry
Balti King,5.5,Curry
Balti King Indian Takeaway,4.5,Curry
Balti Kitchen,5,Curry
Balti Lodge,5.5,Curry
Balti Lounge,5.5,Curry
Balti Lounge,5.5,Curry
Balti Mahal,5,Curry
Balti Mahal,5,Curry
Balti Masala,5.5,Curry
Balti Massala,5,Curry
Balti Master,5,Curry
Balti Night,3.5,Curry
Balti Night,5,Curry
Balti Night,5,Curry
Balti Nights,4.5,Curry
Balti Nights,4.5,Curry
Balti Nights,5,Curry
Balti Nights,5,Curry
Balti Nites,5,Curry
Balti Palace,5,Curry
Balti Palace,5,Curry
Balti Palace,5,Curry
Balti Palace,5.5,Curry
Balti Pickles,Not yet rated,Curry
Balti Queen,5.5,Curry
Balti Raj,4.5,Curry
Balti Raj,5.5,Curry
Balti Raj,5.5,Curry
Balti Ranch,5,American
Balti Spice,5,Curry
Balti Spice,5.5,Curry
Balti Spice,5.5,Curry
Balti Spice Club,5,Curry
Balti Spice Club,5,Curry
Balti Spice Takeaway,5.5,Bangladeshi
Balti Tower,5,Curry
Balti Towers,5.5,Curry
Balti Towers,5.5,Curry
Balti Village,5,Curry
Baltic Curries,5.5,Curry
Baltilicious,5,Curry
Baltilicious,5,Curry
Baltistan Restaurant,5.5,Curry
Bambino,4.5,Pizza
Bambino,4.5,Pizza
Bambino Pizza,4,Pizza
Bambino Pizza,4,Pizza
Bambinos,4.5,Pizza
Bamboo Baboom,4,Thai
Bamboo Baboom,4,Thai
Bamboo Baboom,4,Thai
Bamboo Baboom,4,Thai
Bamboo Baboom,4,Thai
Bamboo Baboom,4,Thai
Bamboo Baboom,4,Thai
Bamboo Box,5.5,Thai
Bamboo Chinese Takeaway,5,Chinese
Bamboo Express,5,Chinese
Bamboo Garden,4.5,Chinese
Bamboo Garden,5,Chinese
Bamboo Garden,5,Chinese
Bamboo Garden,5,Chinese
Bamboo Garden,5,Chinese
Bamboo Garden,5,Chinese
Bamboo Garden,5,Chinese
Bamboo Garden,5.5,Chinese
Bamboo Garden Chinese Takeaway,3.5,Chinese
Bamboo House,4.5,Chinese
Bamboo House,4.5,Chinese
Bamboo House,4.5,Chinese
Bamboo Street,5,Japanese
Bamboo Sushi,4,Japanese
Bambu,5.5,Chinese
Bambu,5.5,Chinese
Ban Thai,5,Thai
Ban Thai,5,Thai
Banana Leaf,5,Chinese
Banana Leaf South Indian,4.5,Curry
Banana Leaf South Indian,4.5,Curry
Banbury Kebabish,4.5,Kebab
Bang Thai Dee,5,Thai
Bangalore Brasserie,5,Curry
Bangalore Brasserie,5,Curry
Bangalore Indian Restaurant,5,Curry
Bangkok Bay Battersea,4.5,Thai
Bangkok Cafe,5,Thai
Bangkok Eatery,5,Thai
Bangkok Palace,5,Thai
Bangkok Thai Kitchen,4.5,Thai
Bangkok Thai Kitchen,4.5,Thai
Bangla,5.5,Bangladeshi
Bangla City,5,Curry
Bangla City,5,Curry
Bangla Cottage,4.5,Curry
Bangla Kitchen,4.5,Curry
Bangla Kitchen,5,Curry
Bangla Kitchen,5,Curry
Bangla Kitchen,5.5,Bangladeshi
Bangla Kitchen,5.5,Bangladeshi
Bangla Lodge,5,Curry
Bangla Lounge,4.5,Curry
Bangla Lounge,5.5,Curry
Bangla Lounge (Halesowen),5,Curry
Bangla Lounge (Halesowen),5,Curry
Bangla Lounge (Harborne),3,Curry
Bangla Lounge (Stratford road),5,Curry
Bangla Lounge Cheswick Green,5,Curry
Bangla Pride,4.5,Curry
Bangla Spice,5.5,Curry
Bangla Spice,5.5,Curry
Bani's Pizza & Kebab House,5,Chicken
Bani's Pizza & Kebab House,5,Chicken
Banke's Kitchen Nigerian Cuisine -,4.5,African
Banke's Kitchen Nigerian Cuisine -,4.5,African
Banke's Kitchen Nigerian Cuisine -,4.5,African
Banophool Restaurant,5.5,Curry
Banstead Tandoori,3.5,Curry
Bansuri Restaurant,4.5,South Curry
Banu Indian,5,Curry
Bao Bao Chinese Takeaway,5,Chinese
Bar Aldo's,5.5,Pizza
Bar B Q 2 Night,5.5,Curry
Bar B Q Base,5,Pizza
Bar B Q Land,5,Kebab
Bar B.Q House,4,American
Bar B.Q. Tonight,4,Curry
Bar BQ 2 Night,4.5,Pizza
Bar BQ Night,4.5,Pizza
Bar BQ To Delight,4.5,Curry
Bar Venezia,5.5,Pizza
Barakah,5.5,Curry
Barakah,5.5,Curry
Barakah,5.5,Curry
Baran Kebab & Fish Bar,5.5,Kebab
Baranda Restaurant,5,Curry
Barbecue Palace,5,Pizza
Barbeque Express,5,American
Barbeque Express,5,American
Barbeque King,4,Pizza
Barbeque Kings,5,Curry
Barbican Express Indian,4,Curry
Barbican Express Pizza,5,Pizza
Barbican Tandoori,5.5,Curry
Barbican Tandoori,5.5,Curry
Bar-B-Q House,5,American
Bar-B-Q House,5,Kebab
Bar-B-Q Mania,4.5,Pizza
Bar-B-Q-King,4.5,Pizza
Bar-B-Que,5,Grill
Barcelona,4.5,Spanish
Barcelona Pizza,5,Pizza
Barcode,5.5,American
Barcode,5.5,American
Barcode Lounge & Takeaway,4.5,Nigerian
Barge Takeaway,5.5,English
Barista House Restaurant & Cafe - Collection Only,6,Pizza
Barkers Fish & Chip Shop,5.5,Fish & Chips
Barkers Fish & Chip Shop,5.5,Fish & Chips
Barlick Raj Balti,5.5,Curry
Barlick Raj Balti,5.5,Curry
Barm Pots Sandwich Bar & Diner,4.5,Sandwiches
Barnacle Bills,6,Fish & Chips
Barnet Star Kebab,4.5,Kebab
Barnet Star Kebab,4.5,Kebab
Barnsley House,4.5,Chinese
Barnsley Kebab & Pizza House,4.5,Pizza
Barolo Restaurant,5.5,Pizza
Barons,5,Turkish
Barons BBQ,5,Pizza
Barrow Takeaway,5,Chinese
Barrs Takeaway & Pizzeria,5,Pizza
Barrs Traditional Takeaway,5,American
Barry's Bar - Collection Only,Not yet rated,*NEW*
Barry's Bar - Collection Only,Not yet rated,*NEW*
Barrys Fish Bar,4.5,Pizza
Barry's Top Chef,4.5,Curry
Barton Chippy,5,Fish & Chips
Barton Oriental- Eccles,5,Chinese
Barton Pizza & Balti Hut,5.5,Curry
Barton Pizza & Balti Hut,5.5,Curry
Barts Kebab,4.5,Polish
Barum Takeaway,5,Turkish
Barwell Kebab,5.5,Turkish
Bas Bar Authentic Indian Grill & Bar,5.5,Curry
Base Express,5.5,Pizza
Base Pizza,4,Pizza
Base Pizza,4,Pizza
Base Pizza,4,Pizza
Bashir Curry & Pizza House,5,Peri Peri
Bashundora,5,Curry
Basil & Pimento Italian,4,Pizza
Basil & Pimento Italian,4,Pizza
Basil & Pimento Italian,4,Pizza
Basil Spice Indian Restaurant & Takeaway,5,Curry
Basilco,5,Pizza
Basilco,5,Pizza
Basiliano Wood Fired Oven Pizzeria,5,Pizza
Basilo Pizza,5,Pizza
Basilo Pizza,5,Pizza
Basingstoke Best Kebab House,4,Turkish
Baskin Robbins,5.5,Ice Cream
Baskin Robbins,5.5,Ice Cream
Basmati At The Railway Station Nantwich,5,Curry
Basmati Indian Cuisine,4.5,Curry
Basmati Restaurant,5.5,Curry
Basmati Restaurant,5.5,Curry
Basmati Tandoori,5,Curry
Basrah Lounge,5,Middle Eastern
Basrah Lounge,5,Middle Eastern
Basrah Lounge,5,Middle Eastern
Bastwell Curry Centre,5,Curry
Bastwell Curry Centre,5,Curry
Batchley Spice,5.5,Curry
Bath Sushi,6,Sushi
Bathak,5.5,Pakistani
Bathak,5.5,Pakistani
Batman Grill,5,Kebab
Batter Inn,4.5,Fish & Chips
Batter On,4.5,Fish & Chips
Battersea Fish Bar,4.5,Fish & Chips
Battersea Fish Bar,4.5,Fish & Chips
Battersea Fish Bar,4.5,Fish & Chips
Baxfood Caribbean,5.5,Caribbean
Baxfood Caribbean,5.5,Caribbean
Baxfood Caribbean,5.5,Caribbean
Baxters,5,Pizza
Baxters,5,Pizza
Bay Horse,5.5,Curry
Bay Kebabs,4.5,Turkish
Bay Leaf,5,Curry
Bay Leaf,5,Curry
Bay Leaf,5.5,Curry
Bay Leaf Bistro & Takeaway,5.5,Curry
Bay Of Bengal,5,Curry
Bay of Bengal,5.5,Curry
Bay of Bengal,5.5,Curry
Bay Of Bengal,5.5,Curry
Bay Spice Tandoori Ltd,4.5,Curry
Bayleaf,4.5,Curry
Bayleaf,5,Curry
Bayleaf,5,Curry
Bayleaf,5,Curry
Bayleaf,5,Curry
Bayleaf,5,Curry
Bayleaf,5.5,Curry
Bayleaf,5.5,Curry
Bayleaf,5.5,Curry
Bayleaf,5.5,Curry
Bayleaf,5.5,Curry
Bayleaf Indian Restaurant,4.5,Curry
Bayleaf Indian Takeaway,5.5,Curry
Bayleaf Spice LTD,5,Grill
Bayleaf Spice LTD,5,Grill
Bayleaves,5,Curry
Bayleaves,5,Curry
Bayleaves Indian Restaurant (Ferryhill),5.5,Curry
Bayleaves Indian Restaurant (Ferryhill),5.5,Curry
Bayleaves Tandoori,5.5,Curry
Bayleaves Tandoori,5.5,Curry
Baytree Restaurant,5.5,Curry
Bazil,5.5,Pizza
Baz's Marmaris Pizza & Kebab House,5,Pizza
Baz's Marmaris Pizza & Kebab House,5,Pizza
BBQ Centre,4.5,Peri Peri
BBQ Centre,4.5,Peri Peri
BBQ Express,3.5,American
BBQ Express,3.5,American
BBQ Express,4,American
BBQ Express,4,American
BBQ Express,4,American
BBQ Express,4,American
BBQ Express,5,Peri Peri
BBQ Express,5,Turkish
BBQ Express,5,Peri Peri
BBQ Express,5,Peri Peri
BBQ Express,5,Peri Peri
BBQ Express,5,Chicken
BBQ Express,5,Chicken
BBQ Express,5,Chicken
BBQ Express,5,Peri Peri
BBQ Express Bradford,5,Chicken
BBQ Express Pizza,4,Pizza
BBQ Express Wanstead,4.5,Peri Peri
BBQ Express Wanstead,4.5,Peri Peri
BBQ Flame & Grill,4,Turkish
BBQ Grill,5.5,Pizza
BBQ Hut,5.5,Curry
BBQ Hut,5.5,Curry
BBQ Inn,5.5,Grill
BBQ Inn,5.5,Grill
BBQ Kebab House,4,Kebab
BBQ Kebab House,5,Kebab
BBQ Pizza Express,5,Pizza
BBQ Xpress,3,Pakistani
BBQ Xpress,4,Pakistani
BBQ Xpress,4,Pakistani
BBQ Xpress,4,Pakistani
BBQ Xpress,4.5,American
BBQ Xpress,4.5,Pizza
BBQ Xpress Peri Peri,4,American
BBQ Xpress Piri Piri,4.5,American
BD Spice,5.5,Curry
BD Spice,5.5,Curry
Beacon Fish Bar,5,Fish & Chips
Bean Cafe,Not yet rated,Burgers
Bean There,5.5,Mexican
Beano Kebab,5.5,Pizza
Beano Kebab,5.5,Kebab
Beano's,5,Kebab
Beano's,5,Kebab
Beano's Pizza,5,Pizza
Beano's Pizza @ Parkside Cafe,5.5,Pizza
Beano's Pizza @ Parkside Cafe,5.5,Pizza
Bear's Boutique Bowling - Collection Only,Not yet rated,American
Bearstead Fish Bar - Collection Only,6,Fish & Chips
Beast Gourmet Burgers,6,Burgers
Beatties Chip Shop & Milano's Pizzeria,4.5,English
Beatties Fish Bar,4.5,Fish & Chips
Beaumont Fish & Chips,5,Kebab
Beaumont Leys BBQ & Food House,5.5,Pizza
Beaumont Leys BBQ & Food House,5.5,Pizza
Beaver Grill,5.5,Turkish
Beavers Lane Kebab House,5,Turkish
Beckbury Fryer & Pizza,5.5,Pizza
Beckenham Charcoal Grill,5.5,Kebab
Beckenham Charcoal Grill,5.5,Kebab
Beckenham Charcoal Grill,5.5,Kebab
Beckenham Curry Club,5,Curry
Beckenham Curry Club,5,Curry
Beckenham Curry Club,5,Curry
Becontree BBQ,5,Kebab
Becontree BBQ,5,Kebab
Becontree Tandoori,5,Curry
Becontree Tandoori,5,Curry
Bedford Chinese Kitchen,5,Chinese
Bedford Kebab & Pizza House,5,Kebab
Bedlington Cafe,4.5,Thai
Bedlington Cafe,4.5,Thai
Bedlington Tandoori,5.5,Curry
Bedouin Lounge Grill & Mezza Bar,5,Lebanese
Bedouin Lounge Grill & Mezza Bar,5,Lebanese
Bee Thai,5.5,Thai
Beech Plaice Caribbean,5,Caribbean
Beeches Pizza & Kebab House,5,Pizza
Beeches Pizza & Kebab House,5,Pizza
Beedle's Chippy,5.5,Fish & Chips
Beeston Break,4,Fish & Chips
Beeston Fisheries & Grill,5.5,Fish & Chips
Beeston Fisheries & Grill,5.5,Fish & Chips
Bei Jing,5,Chinese
Beijing Chef,5,Chinese
Beijing,4.5,Chinese
Beijing Chef,5,Chinese
Beijing Chef Chinese Takeaway,5,Chinese
Beijing Chinese,4,Chinese
Beijing Chinese Restaurant,4,Chinese
Beijing City,4.5,Chinese
Beijing City,5,Chinese
Beijing Cuisine,5.5,Chinese
Beijing Dragon,4.5,Chinese
Beijing Express,5,Chinese
Beijing Express,5,Chinese
Beijing Express,5,Chinese
Beijing Express,5,Chinese
Beijing Express,5,Chinese
Beijing Garden,5,Chinese
Beijing Garden,5,Chinese
Beijing House,4.5,Chinese
Beijing House,4.5,Chinese
Beijing House,4.5,Chinese
Beijing House,4.5,Chinese
Beijing House,5,Chinese
Beijing Inn,4.5,Chinese
Beijing Inn,4.5,Chinese
Beijing Inn,4.5,Chinese
Beijing Kirkstall,5,Chinese
Beijing Meng Zan,5,Chinese
Beijing Meng Zan,5,Chinese
Beijing Noodles,5,Chinese
Beijing Noodles,5,Chinese
Beijing Noodles,5,Chinese
Beijing Noodles,5,Chinese
Beijing Noodles,5,Chinese
Beijing Noodles,5,Chinese
Beijing Noodles,5,Chinese
Beijing Noodles,5,Chinese
Beijing Oriental Express,4.5,Chinese
Beijing Palace Restaurant,4.5,Chinese
Beijing Restaurant,4.5,Chinese
Beijing Takeaway,5,Chinese
Beirut Cafe,5,Lebanese
Beirut Cafe,5,Lebanese
Beirut Cafe,5,Lebanese
Beirut Cafe,5,Lebanese
Beirut Deli Lebanese Restaurant,5.5,Lebanese
Beirut Deli Lebanese Restaurant,5.5,Lebanese
Beirut Deli Lebanese Restaurant,5.5,Lebanese
Beirut Deli Lebanese Restaurant,5.5,Lebanese
Beirut Gate,5.5,Lebanese
Beirut Gate,5.5,Lebanese
Beirut Grill house & Restaurant,5,Middle Eastern
Beirut Lebanese Halal Restaurant,4.5,Lebanese
Beirut Lebanese Halal Restaurant,4.5,Lebanese
Beirut Lounge,4.5,Lebanese
Beirut Meza,5.5,Lebanese
Beirut Meza,5.5,Lebanese
Beirut Meza,5.5,Lebanese
Beiteddine,1.5,Lebanese
Beiteddine,1.5,Lebanese
Bejoy Tandoori Resturant,5,Curry
Bekash Tandoori,5,Curry
Bekash Tandoori Restaurant & Takeaway,5.5,Curry
Bel Piatto,5,Pizza
Belash Indian Takeaway,5,Curry
Belash Tandoori,5,Curry
Belash Tandoori,5.5,Curry
Belash Tandoori,5.5,Curry
Belash Tandoori,5.5,Curry
Belfords Kebab & Pizza,5,Pizza
Belfords Kebab & Pizza,5,Pizza
Bell Balti,5.5,Curry
Bella - Collection Only,Not yet rated,English
Bella Chinese,4.5,Chinese
Bella Donner Pizza & Grill,5,Pizza
Bella Gusto,5,Pizza
Bella House,5.5,Chinese
Bella Italia,5.5,Pizza
Bella Italia,5.5,Pizza
Bella Italia Pizzeria,5,Pizza
Bella Italian,5,Pizza
Bella Mia,5.5,Pizza
Bella Napoli Pizzeria (Wood Fire Oven),5,Pizza
Bella Napoli Pizzeria (Wood Fire Oven),5,Pizza
Bella Napoli Pizzeria (Wood Fire Oven),5,Pizza
Bella Panini,6,Pizza
Bella Pizza,4.5,Pizza
Bella Pizza,4.5,Pizza
Bella Pizza,4.5,Pizza
Bella Pizza,4.5,Pizza
Bella Pizza,4.5,Pizza
Bella Pizza,5,Pizza
Bella Pizza,5,Pizza
Bella Pizza,5,Pizza
Bella Pizza,5,Pizza
Bella Pizza,5,Pizza
Bella Pizza,5,Pizza
Bella Pizza,5,Pizza
Bella Pizza,5,Pizza
Bella Pizza,5,Pizza
Bella Pizza,5,Pizza
Bella Pizza,5.5,Pizza
Bella Pizza,5.5,Pizza
Bella Pizza,5.5,Pizza
Bella Pizza,5.5,Pizza
Bella Pizza,5.5,Pizza
Bella Pizza,5.5,Pizza
Bella Pizza,5.5,Pizza
Bella Pizza,5.5,Pizza
Bella Pizza & Kebab House,5,Pizza
Bella Pizza Fish & Chips,5.5,Pizza
Bella Roma,4,Pizza
Bella Roma,4,Pizza
Bella Roma Italian Restaurant,4.5,Pizza
Bella Roma Italian Restaurant,4.5,Pizza
Bell-A-Curry,5,Curry
Bell-a-Pizza,5,Pizza
Belle Pizza,5,Pizza
Belle Vue Fisheries,5,English
Bellissimo,5,American
Bellissimo Pizza & Grill Bar,5.5,Pizza
Belly Buster,5.5,Pizza
Belly Buster,5.5,Pizza
Belly Buster Square Pan Huntington,5,Pizza
Belly Buster Square Pan Huntington,5,Pizza
Belmont Kebab & Pizza,Not yet rated,Kebab
Belmont Tandoori,5,Curry
Belmont Tandoori,5,Curry
Belmont Tandoori,5,Curry
Belmont Welcome Chinese,4.5,Chinese
Belper Spice,4.5,Curry
Ben Nevis,5.5,Fish & Chips
Benes,5.5,Fish & Chips
Bengal Balti,5.5,Curry
Bengal Bar & Restaurant,5,Curry
Bengal Bertie,4.5,Curry
Bengal Bertie,4.5,Curry
Bengal Berties,5,Curry
Bengal Berties,5,Curry
Bengal Berties,5,Curry
Bengal Bertie's Palmers Green,5.5,Curry
Bengal Bites,5,Curry
Bengal Blue Restuarant and Takeaway,4.5,Curry
Bengal Blues,3.5,Curry
Bengal Brasserie,4.5,Curry
Bengal Brasserie,4.5,Curry
Bengal Brasserie,5,Curry
Bengal Brasserie,5,Curry
Bengal Brasserie,5,Curry
Bengal Brasserie,5,Curry
Bengal Brasserie,5.5,Curry
Bengal Brasserie,5.5,Curry
Bengal Brasserie,5.5,Bangladeshi
Bengal Chaa,5,Curry
Bengal Clipper,4.5,Curry
Bengal Cottage,5,Curry
Bengal Cottage,5,Curry
Bengal Cottage,5,Curry
Bengal Cuisine,5,Curry
Bengal Curry Center,5,Bangladeshi
Bengal Delight,5,Curry
Bengal Delight,5.5,Curry
Bengal Delight,5.5,Curry
Bengal Dreams,5,Bangladeshi
Bengal Dynasty Fine Indian Cuisine,5,Curry
Bengal Dynasty Fine Indian Cuisine,5,Curry
Bengal Express,4,Curry
Bengal Forest Indian Restaurant,4.5,Curry
Bengal Grill House,5,Grill
Bengal Heritage,5,Curry
Bengal Hut,5,Curry
Bengal Indian Cuisine,5,Curry
Bengal Kitchen,5,Pizza
Bengal Kitchen,5,Curry
Bengal Lancer,4.5,Curry
Bengal Lancer,4.5,Curry
Bengal Lancer,5,Curry
Bengal Lancer,5,Curry
Bengal Lancer,5,Curry
Bengal Lounge,5,Curry
Bengal Lounge,5.5,Curry
Bengal Massalla,5.5,Curry
Bengal Naz,5,Curry
Bengal Naz,5,Curry
Bengal Paradise,5,Curry
Bengal Pavillion Indian Home Dining,4.5,Curry
Bengal Pavillion Indian Home Dining,4.5,Curry
Bengal Pavillion Indian Home Dining,4.5,Curry
Bengal Quay,5,Curry
Bengal Raj,4,Curry
Bengal Regency,5.5,Curry
Bengal Regency,5.5,Curry
Bengal Relish,5,Curry
Bengal Restaurant,5,Curry
Bengal Restaurant,5,Curry
Bengal Spice,4.5,Curry
Bengal Spice,4.5,Curry
Bengal Spice,5,Curry
Bengal Spice,5,Curry
Bengal Spice,5,Curry
Bengal Spice,5,Curry
Bengal Spice,5,Curry
Bengal Spice,5,Curry
Bengal Spice,5,Curry
Bengal Spice,5,Curry
Bengal Spice,5,Curry
Bengal Spice,5,Curry
Bengal Spice,5,Bangladeshi
Bengal Spice,5,Curry
Bengal Spice,5.5,Curry
Bengal Spice,5.5,Curry
Bengal Spice,5.5,Curry
Bengal Spice,5.5,Curry
Bengal Spice,5.5,Curry
Bengal Spice,5.5,Curry
Bengal Spice,5.5,Curry
Bengal Spice,5.5,Curry
Bengal Spice,5.5,Curry
Bengal Spice,5.5,Curry
Bengal Spice,5.5,Curry
Bengal Spice (Crook),5,Curry
Bengal Spice Exclusive Indian Takeaway,5,Curry
Bengal Spice Fine Indian Cuisine,4.5,Curry
Bengal Spice Indian Takeaway,5,Curry
Bengal Spice Restaurant/Takeaway,5.5,Bangladeshi
Bengal Spices,5.5,Curry
Bengal Style Tandoori,5.5,Curry
Bengal Takeaway,5,Curry
Bengal Tandoori,5,Curry
Benjawan,4.5,Thai
Bennett's Caribbean Restaurant & Takeaway,4.5,Caribbean
Bennett's Caribbean Restaurant & Takeaway,4.5,Caribbean
Bennetts Gate Kebab & Pizza,5,Kebab
Bennetts Gate Kebab & Pizza,5,Kebab
Bennys,5,Chinese
Bennys,5,Chinese
Benny's,1,Chicken
Benny's,1,Chicken
Benny's,5,Chinese
Benny's - Collection Only,6,Fish & Chips
Benny's Burgertown,4.5,Burgers
Benny's Chicken,Not yet rated,Chicken
Benny's Chicken,Not yet rated,Chicken
Bennys Chicken & Pizza,5.5,Chicken
Benny's Grill House,6,Kebab
"Bennys Pizzeria, Fish & Chips",3.5,Fish & Chips
Benny's Pomodoro Daytime,4.5,Pizza
Bento,4,Japanese
Bento,5,Chinese
Bento Box,5,English
Bento Cafe,5,Japanese
Bento Cafe,5,Japanese
Bento House,5,Korean
Bento King (Hulme),5,Chinese
Bento King (Leeds),5.5,Chinese
Bento King (Withington),5.5,Chinese
Bento King (Withington),5.5,Chinese
Bento Ramen,5,Japanese
Benvenuti - Collection Only,Not yet rated,Breakfast
Bermondsey Tandoori,5,Curry
Berries Bagels & Shakes,5.5,Bagels
Berries Bagels & Shakes,5.5,Bagels
Berries Bagels & Shakes,5.5,Bagels
Berto's - Sunderland,4.5,Pizza
Bertos Pizza Bar,4.5,Pizza
Best American Pizza,5,Pizza
Best American Pizza,5,Pizza
Best American Pizza,5,Pizza
Best Bite,5,Pizza
Best Bite,5,Pizza
Best Bite,5,Pizza
Bertos Pizza Bar,4.5,Pizza
Best Buy Fisheries & Pizzeria,5,Fish & Chips
Best Charcoal Grill,5,Turkish
Best Charcoal Grill,5.5,Turkish
Best Charcoal Grill,5.5,Turkish
Best Chippy Limited,5,Fish & Chips
Best Choices Chinese Takeaway,5,Chinese
Best Choices Chinese Takeaway,5,Chinese
Best Choices Chinese Takeaway,5,Chinese
Best Chopsticks,5,Chinese
Best Favourite Chicken,4,American
Best Fish & Chips,6,Fish & Chips
Best Fish Bar,4.5,Fish & Chips
Best Food,5,Chinese
Best Grill,5,Turkish
Best Grill House,4.5,Kebab
Best In Town,4.5,Kebab
Best In Town,4.5,Kebab
Best Kebab,3.5,Turkish
Best Kebab,3.5,Kebab
Best Kebab,3.5,Kebab
Best Kebab,3.5,Kebab
Best Kebab,3.5,Kebab
Best Kebab,4,Turkish
Best Kebab,4.5,Pizza
Best Kebab,4.5,Kebab
Best Kebab,4.5,Kebab
Best Kebab,5,Kebab
Best Kebab,5,Kebab
Best Kebab,5,Kebab
Best Kebab,5,Kebab
Best Kebab,5,Kebab
Best Kebab,5,Pizza
Best Kebab,5,Kebab
Best Kebab,5,Kebab
Best Kebab,5,Kebab
Best Kebab,5,Kebab
Best Kebab,5,Kebab
Best Kebab,5,Pizza
Best Kebab,5,Turkish
Best Kebab,5,Turkish
Best Kebab,5.5,Pizza
Best Kebab,5.5,Turkish
Best Kebab,5.5,Kebab
Best Kebab,5.5,Turkish
Best Kebab,5.5,Kebab
Best Kebab,5.5,Kebab
Best Kebab,5.5,Kebab
Best Kebab - Fish & Chip,5,Kebab
Best Kebab - Fish & Chip,5,Kebab
Best Kebab & Burger Bar,5.5,Kebab
Best Kebab & Pizza,4,Pizza
Best Kebab & Pizza,4.5,Kebab
Best Kebab & Pizza,5,Kebab
Best Kebab & Pizza,5,Kebab
Best Kebab & Pizza,5,Pizza
Best Kebab & Pizza House,4.5,Kebab
Best Kebab & Pizza House,4.5,Kebab
Best Kebab & Pizza,4.5,Pizza
Best Kebab & Pizza House,4.5,Kebab
Best Kebab & Pizza House,5,American
Best Kebab & Pizza House,5,Pizza
Best Kebab & Pizza House,5.5,Pizza
Best Kebab 1,5,Turkish
Best Kebab and Pizza,5,Turkish
Best Kebab Chicken & Pizza,5,Kebab
Best Kebab Fish and Chips,4,Pizza
Best Kebab House,5,Kebab
Best Kebab House,5,Turkish
Best Kebab House,5.5,Kebab
Best Kebab House,5.5,Kebab
Best Kebab Ye,5,Turkish
Best Kebabs,4.5,Kebab
Best Kebabs,4.5,Pizza
Best Kebabs,5,Kebab
Best Kebabs,5,Kebab
Best Kebabs,5,American
Best Kebabs & Peppy's Pizza,4.5,Pizza
Best Kebabs & Pizza,4,Pizza
Best Of Curry,5,Curry
Best of Curry & Tandoori,5,Curry
Best of India,5,Curry
Best Perfect Fried Chicken,5,Kebab
Best Pizza,3,Pizza
Best Pizza,3,Pizza
Best Pizza,5,Pizza
Best Pizza,5,Pizza
Best Pizza,6,Pizza
Best Pizza & Kebab,6,Pizza
Best Pizza & Kebab,6,Pizza
Best Pizza & Kebab House,5.5,Pizza
Best Pizza Express,4.5,Pizza
Best Pizza Express,5,Pizza
Best Takeaway,3.5,Turkish
Best Takeaway,5,Kebab
Best Taste Caribbean Takeaway,4.5,Caribbean
Best Taste Caribbean Takeaway,4.5,Caribbean
Best Tuck In,5,Kebab
Best Turkish Kebab,4.5,Turkish
Best Turkish Kebab,4.5,Turkish
Best Turkish Kebab Grill,5,Kebab
Best Turkish Kebab,4.5,Turkish
Betty's Bon Bons,5.5,Pick n Mix
Betty's Bon Bons,5.5,Pick n Mix
Betty's Cafe & Peri Peri Grill,4.5,Portuguese
BFC - Pizza & Kebab House,4,American
BFC Takeaway,3.5,American
Bhaizan's Grill,5.5,Kebab
Bhajee,5.5,Curry
Bhaji,5,Curry
Bhaji,5,Curry
Bhaji,5,Curry
Bhaji Fresh,5,Curry
Bhaji's,5,Curry
Bhaji's,5.5,Curry
Bhajis Indian Takeaway,5,Curry
Bhajis Takeaway,5,Curry
Bhaji's Takeaway,5,Curry
Bhaji's Takeaway,5,Curry
Bhan Thai,4.5,Thai
Bhangra Beat,5,Curry
Bhangra Beat Indian Restaurant,4.5,Curry
Bhangra Beat,5,Curry
Bhangra Beat Indian Restaurant,4.5,Curry
Bharat Bhavan,4.5,Curry
Bharat Bhavan,4.5,Curry
Bharat Restaurant,5,Curry
Bhindis,4.5,Curry
Bhoj,5,Curry
Bhojan Indian Takeaway,5,Curry
Bhujon Takeaway,5,Curry
Bianco 43 Delivery,4,Pizza
Bianco Express,3,Arabic
Bianco Express,3,Arabic
Biancos Pizzeria,5,Pizza
Bibble Milkshake Bar,Not yet rated,Milkshakes
Bibbys Fast Food,5.5,Burgers
Bibi Pizza,5,American
Bibi Pizza,5,American
Bibis Cafe & African Restaurant,4.5,African
Bibi's Hut,5,Kebab
Bibis Indian Cuisine,5,Curry
Bibi's Indian Cuisine,5,Pizza
Biblos,4,Middle Eastern
Biddick Hall Spice,5.5,Curry
Big Baps,4.5,Sandwiches
Big Belly Fast Food & Restaurant,5,American
Big Bens Pizza,5,Pizza
Big Bite,4,Peri Peri
Big Bite,4.5,Chicken
Big Bite,4.5,Pizza
Big Bite,5,Pizza
Big Bite,5,Pizza
Big Bite,5,Pizza
Big Bite,5,Pizza
Big Bite,5,Pizza
Big Bite,5.5,Pizza
Big Bite Pizza,5,Pizza
Big Bite Pizza,5,Pizza
Big Bite Takeaway & Desserts Delivered,5.5,Pizza
Big Bite Takeaway & Desserts Delivered,5.5,Pizza
Big Bite Takeaway & Desserts Delivered,5.5,Pizza
Big Bites,5,Pizza
Big Boy Pizza,4.5,Pizza
Big Boy Pizza,4.5,Pizza
Big Boy Pizza,5.5,Pizza
Big Boy Pizza,5.5,Pizza
Big Boys Pizza,2,Pizza
Big Boys Pizza,2,Pizza
Big Boys Pizza,2,Pizza
Big Brother,5,Pizza
Big Brother,5,Pizza
Big B's,4.5,Pizza
Big Caesars,4,Turkish
Big Chef,5.5,Pizza
Big Chicken,5.5,Chicken
Big China,5.5,Chinese
Big Daddy House,Not yet rated,Breakfast
Big E Takeaway & Diner,5.5,Kebab
Big Fat Gourmet,5,Burgers
Big Fat Gourmet,5,Burgers
Big Fat Gourmet,5,Burgers
Big Fellas Pizzeria,4.5,Pizza
Big Fish,5.5,Fish & Chips
Big Fish - Collection Only,6,Fish & Chips
Big G's Diner,5,American
Big G's Diner,5,American
Big Joe's,5.5,Pizza
Big Joe's,5.5,Pizza
Big Joe's,5.5,Pizza
Big Mamas,3.5,American
Big Mamas,5,Pizza
Big Mama's,2.5,Curry
Big Mama's,4,Pizza
Big Mama's,4,Pizza
Big Mama's,5,Pizza
Big Mama's Burrito,5,Mexican
Big Mama's Burrito,5,Mexican
Big Mamma,5,Pizza
Big Mamma Pizza & Peri Peri Chicken,5,Chicken
Big Mamma Pizza & Peri Peri Chicken,5,Chicken
Big Mamma Pizza & Peri Peri Chicken,5,Chicken
Big Mammas,5,Pizza
Big Mamma's,4.5,Pizza
Big Man's Fish 'N' Grill,4.5,American
Big Mike's Calypso Kitchen,5.5,Caribbean
Big Mo's,4.5,American
Big Mo's,4.5,American
Big Mo's,4.5,American
Big Mouth BBQ,5,American
Big Mouth BBQ,5,American
Big Munch,4.5,Chicken
Big N Tasty,5,Sandwiches
Big Phil'lers Deli,5,Breakfast
Big Portion,5,Turkish
Big Portion,5,Turkish
Big Saj,4.5,Pizza
Big Saj,6,Kebab
Big Saj,6,Kebab
Big Sammys - Pizza Kebab Burger House,4.5,Pizza
Big Sam's,4.5,English
Big Star,5,Fish & Chips
Big Wok,4.5,Chinese
Bigfellas Pizzeria,4.5,Pizza
Bigg Market Chippy,5.5,Fish & Chips
Bigg Market Chippy,5.5,Fish & Chips
Biggapot Caribbean - Collection Only,6,Caribbean
Biggie's Burgers,4.5,Burgers
Biggie's Burgers,4.5,Burgers
Bikash Tandoori,5.5,Curry
Bikash Tandoori,5.5,Curry
Bikkle Island,3.5,Caribbean
Bikkle Island,3.5,Caribbean
Bilal Spice,4.5,Curry
Bilal Spice,4.5,Curry
Bilal Tandoori,5.5,Curry
Bilal Tandoori,5.5,Curry
Bilals,5,Curry
Bilals,5.5,Curry
Bilal's,5,Curry
Bilal's,5,Curry
Bilas Tandoori,5.5,Curry
Bilash,4.5,Curry
Bilash Indian Takeaway,5,Curry
Bill Quay Tandoori,5,Curry
Billal's Takeaway,5.5,Curry
Billal's Takeaway,5.5,Curry
Billericay Tandoori,4.5,Curry
Billi Jo's,4.5,Pizza
Billingham Balti House,5.5,Curry
Bill's Wok Inn,5,Chinese
Billy Burger,5,American
Billy's Fish & Chips (Jarrow),5,Fish & Chips
Billy's Fish & Chips (South Shields),5,Fish & Chips
Billy's Fish & Chips (South Shields),5,Fish & Chips
Billy's Fish Bar & Fast Food,4.5,Pizza
Bilston Balti,4.5,Curry
Bilston Balti,4.5,Curry
Bilston No1,5,Pizza
Bilston No1,5,Pizza
Bimbis Fish & Chips,4.5,Fish & Chips
Bimbis Fish & Chips,4.5,Fish & Chips
Binari Korean Restaurant - Collection Only,Not yet rated,Korean
Binari Korean Restaurant - Collection Only,Not yet rated,Korean
Bindi,5,Curry
Bindis,5.5,Curry
Bing Chinese Takeaway,4.5,Chinese
Bing Chinese Takeaway,4.5,Chinese
Bintang,3.5,Thai
Bintang,3.5,Thai
Bipash Tandoori,5,Curry
Birashwamys Est 1970,5,Curry
Bishaal,5.5,Curry
Bishops Caribbean,5.5,Caribbean
Bishy's Chicken,4,American
Bistro 5 Pizzeria,4.5,Pizza
Bistro Chicken,5,Chicken
Bistro Pizza,5.5,Pizza
Bit Bourbon Steamed Burgers,Not yet rated,Burgers
Bite East,5,Japanese
Bites of Italy,3.5,Healthy
Bites of Italy,3.5,Healthy
Bithika,5,Curry
Biting Junction,4.5,American
Biting Junction,4.5,American
Bits n Pieces,3.5,Sandwiches
Bits N Pizza,5,Pizza
Bits N Pizza,5,Pizza
Bits'N'Pizza,5,Pizza
Bits'N'Pizza,5,Pizza
Bitz & Pizzaz Italian Pizza Takeaway,5.5,Pizza
Bitz 'N' Pizzas,5,Pizza
Bitz 'N' Pizzas,5,Pizza
Bitza Pizza,5,Pizza
Bitza Pizza,5,Pizza
Bizzarro,4.5,Kebab
Bizzarro,4.5,Kebab
Bizzarro,4.5,Kebab
Bizzy Lizzie's Cafe,5.5,Healthy
Bizzy Lizzys Takeaway,4,English
Bizzy Lizzys Takeaway,4,English
BJ's Plaice,5.5,Fish & Chips
BKK Thai,5,Thai
Black Bull,4.5,Chinese
Black Country Chippy & Pizza,5,Pizza
Black Country Chippy & Pizza,5,Pizza
Black Elephant,5.5,Chinese
Black Elephant,5.5,Chinese
Black Heath,4,Pizza
Black Heath,4,Pizza
Black Pandas,5,Chinese
Blackley Fast Food,4.5,Pizza
Blackwood Kebabs,4.5,Kebab
Blaka Jacks - Collection Only,Not yet rated,Caribbean
Blaka Jacks - Collection Only,Not yet rated,Caribbean
Blakey's Eastern Promise,5.5,Curry
"BLD: Breakfast, Lunch & Dinner",3.5,English
"BLD: Breakfast, Lunch & Dinner",3.5,English
"BLD: Breakfast, Lunch & Dinner",3.5,English
"BLD: Breakfast, Lunch & Dinner",3.5,English
Blessed West Indian Takeaway,4,Caribbean
Blessed West Indian Takeaway,4,Caribbean
Blessed West Indian Takeaway,4,Caribbean
Blessed West Indian Takeaway,4,Caribbean
Blessed West Indian Takeaway,4,Caribbean
Blessed West Indian Takeaway,4,Caribbean
Blessing,5.5,Chinese
Blessing,5.5,Chinese
Blessing,5.5,Chinese
Blessings Caribbean Cuisine,3.5,Caribbean
Blessings Caribbean Cuisine,3.5,Caribbean
Blessings Caribbean Cuisine,3.5,Caribbean
Blossom House,5.5,Chinese
Bloxwich Balti,5,Curry
Blue Bay,5.5,Fish & Chips
Blue Bay Mediterranean,5.5,Pizza
Blue Bell,5,Chinese
Blue Bengal Restaurant,4.5,Curry
Blue Bengal Restaurant,4.5,Curry
Blue Box,5,Grill
Blue Breeze Fish Bar,5.5,Fish & Chips
Blue Breeze Fish Bar,5.5,Fish & Chips
